2026-05-21 10:44:16.954 [main] INFO  Version.logVersion:44 - HHH000412: Hibernate ORM core version 5.6.15.Final
2026-05-21 10:44:17.760 [main] INFO  Version.<clinit>:56 - HCANN000001: Hibernate Commons Annotations {5.1.2.Final}
2026-05-21 10:44:17.937 [main] WARN  pooling.configure:75 - HHH10001002: Using Hibernate built-in connection pool (not for production use!)
2026-05-21 10:44:17.945 [main] INFO  pooling.buildCreator:119 - HHH10001005: using driver [com.mysql.cj.jdbc.Driver] at URL [jdbc:mysql://127.0.0.1:3306/myproject_db?useSSL=false&serverTimezone=UTC&allowPublicKeyRetrieval=true]
2026-05-21 10:44:17.953 [main] INFO  pooling.buildCreator:128 - HHH10001001: Connection properties: {password=****, user=root}
2026-05-21 10:44:17.954 [main] INFO  pooling.buildCreator:132 - HHH10001003: Autocommit mode: false
2026-05-21 10:44:17.959 [main] INFO  DriverManagerConnectionProviderImpl.<init>:322 - HHH000115: Hibernate connection pool size: 20 (min=1)
2026-05-21 10:44:18.256 [main] INFO  Dialect.<init>:175 - HHH000400: Using dialect: org.hibernate.dialect.MySQL8Dialect
2026-05-21 10:44:18.936 [main] INFO  Version.<clinit>:21 - HV000001: Hibernate Validator 6.2.5.Final
2026-05-21 10:44:19.848 [main] INFO  access.getIsolatedConnection:48 - HHH10001501: Connection obtained from JdbcConnectionAccess [org.hibernate.engine.jdbc.env.internal.JdbcEnvironmentInitiator$ConnectionProviderJdbcConnectionAccess@34330f77] for (non-JTA) DDL execution was not in auto-commit mode; the Connection 'local transaction' will be committed and the Connection will be set into auto-commit mode.
2026-05-21 10:44:20.085 [main] INFO  JtaPlatformInitiator.initiateService:52 - HHH000490: Using JtaPlatform implementation: [org.hibernate.engine.transaction.jta.platform.internal.NoJtaPlatform]
2026-05-21 10:44:33.598 [grizzly-http-server-1] DEBUG SQL.logStatement:144 - 
    select
        role0_.id as id1_9_,
        role0_.name as name2_9_ 
    from
        role role0_
2026-05-21 10:44:33.598 [grizzly-http-server-0] DEBUG SQL.logStatement:144 - 
    select
        question0_.id as id1_6_,
        question0_.question as question2_6_ 
    from
        myproject_db.question question0_
2026-05-21 10:44:33.824 [grizzly-http-server-3] DEBUG SQL.logStatement:144 - 
    select
        role0_.id as id1_9_,
        role0_.name as name2_9_ 
    from
        role role0_
2026-05-21 10:44:33.824 [grizzly-http-server-2] DEBUG SQL.logStatement:144 - 
    select
        question0_.id as id1_6_,
        question0_.question as question2_6_ 
    from
        myproject_db.question question0_
2026-05-21 10:45:12.312 [grizzly-http-server-5] INFO  UserService.subscribe:25 - Tentative d'inscription du user avec mail : moroccopowaaa@gmail.com
2026-05-21 10:45:12.322 [grizzly-http-server-5] DEBUG SQL.logStatement:144 - 
    select
        user0_.id as id1_7_,
        user0_.birthdate as birthdat2_7_,
        user0_.email as email3_7_,
        user0_.firstname as firstnam4_7_,
        user0_.active as active5_7_,
        user0_.last_password_update as last_pas6_7_,
        user0_.lastname as lastname7_7_,
        user0_.pwd as pwd8_7_,
        user0_.question_id as questio10_7_,
        user0_.response as response9_7_,
        user0_.role_id as role_id11_7_ 
    from
        myproject_db.user user0_ 
    where
        user0_.email=?
2026-05-21 10:45:12.332 [grizzly-http-server-5] DEBUG SQL.logStatement:144 - 
    select
        role0_.id as id1_9_,
        role0_.name as name2_9_ 
    from
        role role0_ 
    where
        role0_.name=?
2026-05-21 10:45:13.954 [grizzly-http-server-5] DEBUG SQL.logStatement:144 - 
    select
        question_.id,
        question_.question as question2_6_ 
    from
        myproject_db.question question_ 
    where
        question_.id=?
2026-05-21 10:45:13.966 [grizzly-http-server-5] DEBUG SQL.logStatement:144 - 
    insert 
    into
        myproject_db.user
        (birthdate, email, firstname, active, last_password_update, lastname, pwd, question_id, response, role_id) 
    values
        (?, ?, ?, ?, ?, ?, ?, ?, ?, ?)
2026-05-21 10:45:14.005 [grizzly-http-server-5] INFO  UserService.subscribe:57 - User moroccopowaaa@gmail.com is subscribed with role Étudiant
2026-05-21 10:45:14.011 [grizzly-http-server-5] DEBUG SQL.logStatement:144 - 
    insert 
    into
        password_history
        (change_date, old_password_hash, user_id) 
    values
        (?, ?, ?)
2026-05-21 13:56:38.661 [main] INFO  Version.logVersion:44 - HHH000412: Hibernate ORM core version 5.6.15.Final
2026-05-21 13:56:40.018 [main] INFO  Version.<clinit>:56 - HCANN000001: Hibernate Commons Annotations {5.1.2.Final}
2026-05-21 13:56:40.373 [main] WARN  pooling.configure:75 - HHH10001002: Using Hibernate built-in connection pool (not for production use!)
2026-05-21 13:56:40.394 [main] INFO  pooling.buildCreator:119 - HHH10001005: using driver [com.mysql.cj.jdbc.Driver] at URL [jdbc:mysql://127.0.0.1:3306/myproject_db?useSSL=false&serverTimezone=UTC&allowPublicKeyRetrieval=true]
2026-05-21 13:56:40.396 [main] INFO  pooling.buildCreator:128 - HHH10001001: Connection properties: {password=****, user=root}
2026-05-21 13:56:40.397 [main] INFO  pooling.buildCreator:132 - HHH10001003: Autocommit mode: false
2026-05-21 13:56:40.403 [main] INFO  DriverManagerConnectionProviderImpl.<init>:322 - HHH000115: Hibernate connection pool size: 20 (min=1)
2026-05-21 13:56:40.867 [main] INFO  Dialect.<init>:175 - HHH000400: Using dialect: org.hibernate.dialect.MySQL8Dialect
2026-05-21 13:56:41.880 [main] INFO  Version.<clinit>:21 - HV000001: Hibernate Validator 6.2.5.Final
2026-05-21 13:56:42.995 [main] INFO  access.getIsolatedConnection:48 - HHH10001501: Connection obtained from JdbcConnectionAccess [org.hibernate.engine.jdbc.env.internal.JdbcEnvironmentInitiator$ConnectionProviderJdbcConnectionAccess@1320e68a] for (non-JTA) DDL execution was not in auto-commit mode; the Connection 'local transaction' will be committed and the Connection will be set into auto-commit mode.
2026-05-21 13:56:43.295 [main] INFO  JtaPlatformInitiator.initiateService:52 - HHH000490: Using JtaPlatform implementation: [org.hibernate.engine.transaction.jta.platform.internal.NoJtaPlatform]
2026-05-21 14:01:25.272 [grizzly-http-server-1] DEBUG UserService.getUserByEmail:88 - getUserByEmail email : tuteur@gmail.com
2026-05-21 14:01:25.367 [grizzly-http-server-1] DEBUG SQL.logStatement:144 - 
    select
        user0_.id as id1_7_,
        user0_.birthdate as birthdat2_7_,
        user0_.email as email3_7_,
        user0_.firstname as firstnam4_7_,
        user0_.active as active5_7_,
        user0_.last_password_update as last_pas6_7_,
        user0_.lastname as lastname7_7_,
        user0_.pwd as pwd8_7_,
        user0_.question_id as questio10_7_,
        user0_.response as response9_7_,
        user0_.role_id as role_id11_7_ 
    from
        myproject_db.user user0_ 
    where
        user0_.email=?
2026-05-21 14:01:25.472 [grizzly-http-server-1] DEBUG SQL.logStatement:144 - 
    select
        role0_.id as id1_9_0_,
        role0_.name as name2_9_0_ 
    from
        role role0_ 
    where
        role0_.id=?
2026-05-21 14:01:25.486 [grizzly-http-server-1] DEBUG SQL.logStatement:144 - 
    select
        enterprise0_.id as id1_3_2_,
        enterprise0_.description as descript2_3_2_,
        enterprise0_.name as name3_3_2_,
        enterprise0_.sector as sector4_3_2_,
        enterprise0_.siret as siret5_3_2_,
        enterprise0_.user_id as user_id7_3_2_,
        enterprise0_.website as website6_3_2_,
        user1_.id as id1_7_0_,
        user1_.birthdate as birthdat2_7_0_,
        user1_.email as email3_7_0_,
        user1_.firstname as firstnam4_7_0_,
        user1_.active as active5_7_0_,
        user1_.last_password_update as last_pas6_7_0_,
        user1_.lastname as lastname7_7_0_,
        user1_.pwd as pwd8_7_0_,
        user1_.question_id as questio10_7_0_,
        user1_.response as response9_7_0_,
        user1_.role_id as role_id11_7_0_,
        role2_.id as id1_9_1_,
        role2_.name as name2_9_1_ 
    from
        myproject_db.enterprise enterprise0_ 
    inner join
        myproject_db.user user1_ 
            on enterprise0_.user_id=user1_.id 
    left outer join
        role role2_ 
            on user1_.role_id=role2_.id 
    where
        enterprise0_.user_id=?
2026-05-21 14:01:26.847 [grizzly-http-server-2] DEBUG SQL.logStatement:144 - 
    select
        enterprise0_.id as id1_3_,
        enterprise0_.description as descript2_3_,
        enterprise0_.name as name3_3_,
        enterprise0_.sector as sector4_3_,
        enterprise0_.siret as siret5_3_,
        enterprise0_.user_id as user_id7_3_,
        enterprise0_.website as website6_3_ 
    from
        myproject_db.enterprise enterprise0_ 
    where
        enterprise0_.user_id=?
2026-05-21 14:01:26.855 [grizzly-http-server-2] DEBUG SQL.logStatement:144 - 
    select
        user0_.id as id1_7_0_,
        user0_.birthdate as birthdat2_7_0_,
        user0_.email as email3_7_0_,
        user0_.firstname as firstnam4_7_0_,
        user0_.active as active5_7_0_,
        user0_.last_password_update as last_pas6_7_0_,
        user0_.lastname as lastname7_7_0_,
        user0_.pwd as pwd8_7_0_,
        user0_.question_id as questio10_7_0_,
        user0_.response as response9_7_0_,
        user0_.role_id as role_id11_7_0_,
        role1_.id as id1_9_1_,
        role1_.name as name2_9_1_ 
    from
        myproject_db.user user0_ 
    inner join
        role role1_ 
            on user0_.role_id=role1_.id 
    where
        user0_.id=?
2026-05-21 14:01:26.858 [grizzly-http-server-2] DEBUG SQL.logStatement:144 - 
    select
        enterprise0_.id as id1_3_2_,
        enterprise0_.description as descript2_3_2_,
        enterprise0_.name as name3_3_2_,
        enterprise0_.sector as sector4_3_2_,
        enterprise0_.siret as siret5_3_2_,
        enterprise0_.user_id as user_id7_3_2_,
        enterprise0_.website as website6_3_2_,
        user1_.id as id1_7_0_,
        user1_.birthdate as birthdat2_7_0_,
        user1_.email as email3_7_0_,
        user1_.firstname as firstnam4_7_0_,
        user1_.active as active5_7_0_,
        user1_.last_password_update as last_pas6_7_0_,
        user1_.lastname as lastname7_7_0_,
        user1_.pwd as pwd8_7_0_,
        user1_.question_id as questio10_7_0_,
        user1_.response as response9_7_0_,
        user1_.role_id as role_id11_7_0_,
        role2_.id as id1_9_1_,
        role2_.name as name2_9_1_ 
    from
        myproject_db.enterprise enterprise0_ 
    inner join
        myproject_db.user user1_ 
            on enterprise0_.user_id=user1_.id 
    left outer join
        role role2_ 
            on user1_.role_id=role2_.id 
    where
        enterprise0_.user_id=?
2026-05-21 14:01:26.881 [grizzly-http-server-3] DEBUG SQL.logStatement:144 - 
    select
        enterprise0_.id as id1_3_,
        enterprise0_.description as descript2_3_,
        enterprise0_.name as name3_3_,
        enterprise0_.sector as sector4_3_,
        enterprise0_.siret as siret5_3_,
        enterprise0_.user_id as user_id7_3_,
        enterprise0_.website as website6_3_ 
    from
        myproject_db.enterprise enterprise0_ 
    where
        enterprise0_.user_id=?
2026-05-21 14:01:26.884 [grizzly-http-server-3] DEBUG SQL.logStatement:144 - 
    select
        user0_.id as id1_7_0_,
        user0_.birthdate as birthdat2_7_0_,
        user0_.email as email3_7_0_,
        user0_.firstname as firstnam4_7_0_,
        user0_.active as active5_7_0_,
        user0_.last_password_update as last_pas6_7_0_,
        user0_.lastname as lastname7_7_0_,
        user0_.pwd as pwd8_7_0_,
        user0_.question_id as questio10_7_0_,
        user0_.response as response9_7_0_,
        user0_.role_id as role_id11_7_0_,
        role1_.id as id1_9_1_,
        role1_.name as name2_9_1_ 
    from
        myproject_db.user user0_ 
    inner join
        role role1_ 
            on user0_.role_id=role1_.id 
    where
        user0_.id=?
2026-05-21 14:01:26.889 [grizzly-http-server-3] DEBUG SQL.logStatement:144 - 
    select
        enterprise0_.id as id1_3_2_,
        enterprise0_.description as descript2_3_2_,
        enterprise0_.name as name3_3_2_,
        enterprise0_.sector as sector4_3_2_,
        enterprise0_.siret as siret5_3_2_,
        enterprise0_.user_id as user_id7_3_2_,
        enterprise0_.website as website6_3_2_,
        user1_.id as id1_7_0_,
        user1_.birthdate as birthdat2_7_0_,
        user1_.email as email3_7_0_,
        user1_.firstname as firstnam4_7_0_,
        user1_.active as active5_7_0_,
        user1_.last_password_update as last_pas6_7_0_,
        user1_.lastname as lastname7_7_0_,
        user1_.pwd as pwd8_7_0_,
        user1_.question_id as questio10_7_0_,
        user1_.response as response9_7_0_,
        user1_.role_id as role_id11_7_0_,
        role2_.id as id1_9_1_,
        role2_.name as name2_9_1_ 
    from
        myproject_db.enterprise enterprise0_ 
    inner join
        myproject_db.user user1_ 
            on enterprise0_.user_id=user1_.id 
    left outer join
        role role2_ 
            on user1_.role_id=role2_.id 
    where
        enterprise0_.user_id=?
2026-05-21 14:01:26.896 [grizzly-http-server-5] DEBUG SQL.logStatement:144 - 
    select
        enterprise0_.id as id1_3_0_,
        enterprise0_.description as descript2_3_0_,
        enterprise0_.name as name3_3_0_,
        enterprise0_.sector as sector4_3_0_,
        enterprise0_.siret as siret5_3_0_,
        enterprise0_.user_id as user_id7_3_0_,
        enterprise0_.website as website6_3_0_,
        user1_.id as id1_7_1_,
        user1_.birthdate as birthdat2_7_1_,
        user1_.email as email3_7_1_,
        user1_.firstname as firstnam4_7_1_,
        user1_.active as active5_7_1_,
        user1_.last_password_update as last_pas6_7_1_,
        user1_.lastname as lastname7_7_1_,
        user1_.pwd as pwd8_7_1_,
        user1_.question_id as questio10_7_1_,
        user1_.response as response9_7_1_,
        user1_.role_id as role_id11_7_1_,
        role2_.id as id1_9_2_,
        role2_.name as name2_9_2_ 
    from
        myproject_db.enterprise enterprise0_ 
    inner join
        myproject_db.user user1_ 
            on enterprise0_.user_id=user1_.id 
    inner join
        role role2_ 
            on user1_.role_id=role2_.id 
    where
        enterprise0_.id=?
2026-05-21 14:01:26.907 [grizzly-http-server-5] DEBUG SQL.logStatement:144 - 
    select
        internship0_.id as id1_5_,
        internship0_.description as descript2_5_,
        internship0_.end_date as end_date3_5_,
        internship0_.enterprise_id as enterpri9_5_,
        internship0_.remuneration as remunera4_5_,
        internship0_.start_date as start_da5_5_,
        internship0_.status as status6_5_,
        internship0_.title as title7_5_,
        internship0_.ville as ville8_5_ 
    from
        myproject_db.internship_offer internship0_ 
    where
        internship0_.enterprise_id=?
2026-05-21 14:01:26.936 [grizzly-http-server-5] DEBUG SQL.logStatement:144 - 
    select
        enterprise0_.id as id1_3_0_,
        enterprise0_.description as descript2_3_0_,
        enterprise0_.name as name3_3_0_,
        enterprise0_.sector as sector4_3_0_,
        enterprise0_.siret as siret5_3_0_,
        enterprise0_.user_id as user_id7_3_0_,
        enterprise0_.website as website6_3_0_,
        user1_.id as id1_7_1_,
        user1_.birthdate as birthdat2_7_1_,
        user1_.email as email3_7_1_,
        user1_.firstname as firstnam4_7_1_,
        user1_.active as active5_7_1_,
        user1_.last_password_update as last_pas6_7_1_,
        user1_.lastname as lastname7_7_1_,
        user1_.pwd as pwd8_7_1_,
        user1_.question_id as questio10_7_1_,
        user1_.response as response9_7_1_,
        user1_.role_id as role_id11_7_1_,
        role2_.id as id1_9_2_,
        role2_.name as name2_9_2_ 
    from
        myproject_db.enterprise enterprise0_ 
    inner join
        myproject_db.user user1_ 
            on enterprise0_.user_id=user1_.id 
    inner join
        role role2_ 
            on user1_.role_id=role2_.id 
    where
        enterprise0_.id=?
2026-05-21 14:01:26.956 [grizzly-http-server-4] DEBUG SQL.logStatement:144 - 
    select
        enterprise0_.id as id1_3_0_,
        enterprise0_.description as descript2_3_0_,
        enterprise0_.name as name3_3_0_,
        enterprise0_.sector as sector4_3_0_,
        enterprise0_.siret as siret5_3_0_,
        enterprise0_.user_id as user_id7_3_0_,
        enterprise0_.website as website6_3_0_,
        user1_.id as id1_7_1_,
        user1_.birthdate as birthdat2_7_1_,
        user1_.email as email3_7_1_,
        user1_.firstname as firstnam4_7_1_,
        user1_.active as active5_7_1_,
        user1_.last_password_update as last_pas6_7_1_,
        user1_.lastname as lastname7_7_1_,
        user1_.pwd as pwd8_7_1_,
        user1_.question_id as questio10_7_1_,
        user1_.response as response9_7_1_,
        user1_.role_id as role_id11_7_1_,
        role2_.id as id1_9_2_,
        role2_.name as name2_9_2_ 
    from
        myproject_db.enterprise enterprise0_ 
    inner join
        myproject_db.user user1_ 
            on enterprise0_.user_id=user1_.id 
    inner join
        role role2_ 
            on user1_.role_id=role2_.id 
    where
        enterprise0_.id=?
2026-05-21 14:01:26.961 [grizzly-http-server-4] DEBUG SQL.logStatement:144 - 
    select
        internship0_.id as id1_5_,
        internship0_.description as descript2_5_,
        internship0_.end_date as end_date3_5_,
        internship0_.enterprise_id as enterpri9_5_,
        internship0_.remuneration as remunera4_5_,
        internship0_.start_date as start_da5_5_,
        internship0_.status as status6_5_,
        internship0_.title as title7_5_,
        internship0_.ville as ville8_5_ 
    from
        myproject_db.internship_offer internship0_ 
    where
        internship0_.enterprise_id=?
2026-05-21 14:01:26.963 [grizzly-http-server-4] DEBUG SQL.logStatement:144 - 
    select
        enterprise0_.id as id1_3_0_,
        enterprise0_.description as descript2_3_0_,
        enterprise0_.name as name3_3_0_,
        enterprise0_.sector as sector4_3_0_,
        enterprise0_.siret as siret5_3_0_,
        enterprise0_.user_id as user_id7_3_0_,
        enterprise0_.website as website6_3_0_,
        user1_.id as id1_7_1_,
        user1_.birthdate as birthdat2_7_1_,
        user1_.email as email3_7_1_,
        user1_.firstname as firstnam4_7_1_,
        user1_.active as active5_7_1_,
        user1_.last_password_update as last_pas6_7_1_,
        user1_.lastname as lastname7_7_1_,
        user1_.pwd as pwd8_7_1_,
        user1_.question_id as questio10_7_1_,
        user1_.response as response9_7_1_,
        user1_.role_id as role_id11_7_1_,
        role2_.id as id1_9_2_,
        role2_.name as name2_9_2_ 
    from
        myproject_db.enterprise enterprise0_ 
    inner join
        myproject_db.user user1_ 
            on enterprise0_.user_id=user1_.id 
    inner join
        role role2_ 
            on user1_.role_id=role2_.id 
    where
        enterprise0_.id=?
2026-05-21 14:01:28.739 [grizzly-http-server-6] DEBUG SQL.logStatement:144 - 
    select
        applicatio0_.id as id1_2_,
        applicatio0_.apply_date as apply_da2_2_,
        applicatio0_.motivation_letter as motivati3_2_,
        applicatio0_.offer_id as offer_id5_2_,
        applicatio0_.status as status4_2_,
        applicatio0_.student_id as student_6_2_ 
    from
        myproject_db.application applicatio0_ 
    where
        applicatio0_.offer_id=?
2026-05-21 14:01:28.769 [grizzly-http-server-6] DEBUG SQL.logStatement:144 - 
    select
        internship0_.id as id1_5_0_,
        internship0_.description as descript2_5_0_,
        internship0_.end_date as end_date3_5_0_,
        internship0_.enterprise_id as enterpri9_5_0_,
        internship0_.remuneration as remunera4_5_0_,
        internship0_.start_date as start_da5_5_0_,
        internship0_.status as status6_5_0_,
        internship0_.title as title7_5_0_,
        internship0_.ville as ville8_5_0_,
        enterprise1_.id as id1_3_1_,
        enterprise1_.description as descript2_3_1_,
        enterprise1_.name as name3_3_1_,
        enterprise1_.sector as sector4_3_1_,
        enterprise1_.siret as siret5_3_1_,
        enterprise1_.user_id as user_id7_3_1_,
        enterprise1_.website as website6_3_1_,
        user2_.id as id1_7_2_,
        user2_.birthdate as birthdat2_7_2_,
        user2_.email as email3_7_2_,
        user2_.firstname as firstnam4_7_2_,
        user2_.active as active5_7_2_,
        user2_.last_password_update as last_pas6_7_2_,
        user2_.lastname as lastname7_7_2_,
        user2_.pwd as pwd8_7_2_,
        user2_.question_id as questio10_7_2_,
        user2_.response as response9_7_2_,
        user2_.role_id as role_id11_7_2_ 
    from
        myproject_db.internship_offer internship0_ 
    inner join
        myproject_db.enterprise enterprise1_ 
            on internship0_.enterprise_id=enterprise1_.id 
    inner join
        myproject_db.user user2_ 
            on enterprise1_.user_id=user2_.id 
    where
        internship0_.id=?
2026-05-21 14:01:28.775 [grizzly-http-server-6] DEBUG SQL.logStatement:144 - 
    select
        role0_.id as id1_9_0_,
        role0_.name as name2_9_0_ 
    from
        role role0_ 
    where
        role0_.id=?
2026-05-21 14:01:28.777 [grizzly-http-server-6] DEBUG SQL.logStatement:144 - 
    select
        user0_.id as id1_7_0_,
        user0_.birthdate as birthdat2_7_0_,
        user0_.email as email3_7_0_,
        user0_.firstname as firstnam4_7_0_,
        user0_.active as active5_7_0_,
        user0_.last_password_update as last_pas6_7_0_,
        user0_.lastname as lastname7_7_0_,
        user0_.pwd as pwd8_7_0_,
        user0_.question_id as questio10_7_0_,
        user0_.response as response9_7_0_,
        user0_.role_id as role_id11_7_0_,
        role1_.id as id1_9_1_,
        role1_.name as name2_9_1_ 
    from
        myproject_db.user user0_ 
    inner join
        role role1_ 
            on user0_.role_id=role1_.id 
    where
        user0_.id=?
2026-05-21 14:01:28.780 [grizzly-http-server-6] DEBUG SQL.logStatement:144 - 
    select
        enterprise0_.id as id1_3_2_,
        enterprise0_.description as descript2_3_2_,
        enterprise0_.name as name3_3_2_,
        enterprise0_.sector as sector4_3_2_,
        enterprise0_.siret as siret5_3_2_,
        enterprise0_.user_id as user_id7_3_2_,
        enterprise0_.website as website6_3_2_,
        user1_.id as id1_7_0_,
        user1_.birthdate as birthdat2_7_0_,
        user1_.email as email3_7_0_,
        user1_.firstname as firstnam4_7_0_,
        user1_.active as active5_7_0_,
        user1_.last_password_update as last_pas6_7_0_,
        user1_.lastname as lastname7_7_0_,
        user1_.pwd as pwd8_7_0_,
        user1_.question_id as questio10_7_0_,
        user1_.response as response9_7_0_,
        user1_.role_id as role_id11_7_0_,
        role2_.id as id1_9_1_,
        role2_.name as name2_9_1_ 
    from
        myproject_db.enterprise enterprise0_ 
    inner join
        myproject_db.user user1_ 
            on enterprise0_.user_id=user1_.id 
    left outer join
        role role2_ 
            on user1_.role_id=role2_.id 
    where
        enterprise0_.user_id=?
2026-05-21 14:01:28.811 [grizzly-http-server-8] DEBUG SQL.logStatement:144 - 
    select
        applicatio0_.id as id1_2_,
        applicatio0_.apply_date as apply_da2_2_,
        applicatio0_.motivation_letter as motivati3_2_,
        applicatio0_.offer_id as offer_id5_2_,
        applicatio0_.status as status4_2_,
        applicatio0_.student_id as student_6_2_ 
    from
        myproject_db.application applicatio0_ 
    where
        applicatio0_.offer_id=?
2026-05-21 14:01:28.815 [grizzly-http-server-8] DEBUG SQL.logStatement:144 - 
    select
        internship0_.id as id1_5_0_,
        internship0_.description as descript2_5_0_,
        internship0_.end_date as end_date3_5_0_,
        internship0_.enterprise_id as enterpri9_5_0_,
        internship0_.remuneration as remunera4_5_0_,
        internship0_.start_date as start_da5_5_0_,
        internship0_.status as status6_5_0_,
        internship0_.title as title7_5_0_,
        internship0_.ville as ville8_5_0_,
        enterprise1_.id as id1_3_1_,
        enterprise1_.description as descript2_3_1_,
        enterprise1_.name as name3_3_1_,
        enterprise1_.sector as sector4_3_1_,
        enterprise1_.siret as siret5_3_1_,
        enterprise1_.user_id as user_id7_3_1_,
        enterprise1_.website as website6_3_1_,
        user2_.id as id1_7_2_,
        user2_.birthdate as birthdat2_7_2_,
        user2_.email as email3_7_2_,
        user2_.firstname as firstnam4_7_2_,
        user2_.active as active5_7_2_,
        user2_.last_password_update as last_pas6_7_2_,
        user2_.lastname as lastname7_7_2_,
        user2_.pwd as pwd8_7_2_,
        user2_.question_id as questio10_7_2_,
        user2_.response as response9_7_2_,
        user2_.role_id as role_id11_7_2_ 
    from
        myproject_db.internship_offer internship0_ 
    inner join
        myproject_db.enterprise enterprise1_ 
            on internship0_.enterprise_id=enterprise1_.id 
    inner join
        myproject_db.user user2_ 
            on enterprise1_.user_id=user2_.id 
    where
        internship0_.id=?
2026-05-21 14:01:28.822 [grizzly-http-server-8] DEBUG SQL.logStatement:144 - 
    select
        role0_.id as id1_9_0_,
        role0_.name as name2_9_0_ 
    from
        role role0_ 
    where
        role0_.id=?
2026-05-21 14:01:28.825 [grizzly-http-server-8] DEBUG SQL.logStatement:144 - 
    select
        user0_.id as id1_7_0_,
        user0_.birthdate as birthdat2_7_0_,
        user0_.email as email3_7_0_,
        user0_.firstname as firstnam4_7_0_,
        user0_.active as active5_7_0_,
        user0_.last_password_update as last_pas6_7_0_,
        user0_.lastname as lastname7_7_0_,
        user0_.pwd as pwd8_7_0_,
        user0_.question_id as questio10_7_0_,
        user0_.response as response9_7_0_,
        user0_.role_id as role_id11_7_0_,
        role1_.id as id1_9_1_,
        role1_.name as name2_9_1_ 
    from
        myproject_db.user user0_ 
    inner join
        role role1_ 
            on user0_.role_id=role1_.id 
    where
        user0_.id=?
2026-05-21 14:01:28.829 [grizzly-http-server-8] DEBUG SQL.logStatement:144 - 
    select
        enterprise0_.id as id1_3_2_,
        enterprise0_.description as descript2_3_2_,
        enterprise0_.name as name3_3_2_,
        enterprise0_.sector as sector4_3_2_,
        enterprise0_.siret as siret5_3_2_,
        enterprise0_.user_id as user_id7_3_2_,
        enterprise0_.website as website6_3_2_,
        user1_.id as id1_7_0_,
        user1_.birthdate as birthdat2_7_0_,
        user1_.email as email3_7_0_,
        user1_.firstname as firstnam4_7_0_,
        user1_.active as active5_7_0_,
        user1_.last_password_update as last_pas6_7_0_,
        user1_.lastname as lastname7_7_0_,
        user1_.pwd as pwd8_7_0_,
        user1_.question_id as questio10_7_0_,
        user1_.response as response9_7_0_,
        user1_.role_id as role_id11_7_0_,
        role2_.id as id1_9_1_,
        role2_.name as name2_9_1_ 
    from
        myproject_db.enterprise enterprise0_ 
    inner join
        myproject_db.user user1_ 
            on enterprise0_.user_id=user1_.id 
    left outer join
        role role2_ 
            on user1_.role_id=role2_.id 
    where
        enterprise0_.user_id=?
2026-05-21 14:01:31.281 [grizzly-http-server-7] DEBUG SQL.logStatement:144 - 
    select
        enterprise0_.id as id1_3_,
        enterprise0_.description as descript2_3_,
        enterprise0_.name as name3_3_,
        enterprise0_.sector as sector4_3_,
        enterprise0_.siret as siret5_3_,
        enterprise0_.user_id as user_id7_3_,
        enterprise0_.website as website6_3_ 
    from
        myproject_db.enterprise enterprise0_ 
    where
        enterprise0_.user_id=?
2026-05-21 14:01:31.290 [grizzly-http-server-7] DEBUG SQL.logStatement:144 - 
    select
        user0_.id as id1_7_0_,
        user0_.birthdate as birthdat2_7_0_,
        user0_.email as email3_7_0_,
        user0_.firstname as firstnam4_7_0_,
        user0_.active as active5_7_0_,
        user0_.last_password_update as last_pas6_7_0_,
        user0_.lastname as lastname7_7_0_,
        user0_.pwd as pwd8_7_0_,
        user0_.question_id as questio10_7_0_,
        user0_.response as response9_7_0_,
        user0_.role_id as role_id11_7_0_,
        role1_.id as id1_9_1_,
        role1_.name as name2_9_1_ 
    from
        myproject_db.user user0_ 
    inner join
        role role1_ 
            on user0_.role_id=role1_.id 
    where
        user0_.id=?
2026-05-21 14:01:31.293 [grizzly-http-server-7] DEBUG SQL.logStatement:144 - 
    select
        enterprise0_.id as id1_3_2_,
        enterprise0_.description as descript2_3_2_,
        enterprise0_.name as name3_3_2_,
        enterprise0_.sector as sector4_3_2_,
        enterprise0_.siret as siret5_3_2_,
        enterprise0_.user_id as user_id7_3_2_,
        enterprise0_.website as website6_3_2_,
        user1_.id as id1_7_0_,
        user1_.birthdate as birthdat2_7_0_,
        user1_.email as email3_7_0_,
        user1_.firstname as firstnam4_7_0_,
        user1_.active as active5_7_0_,
        user1_.last_password_update as last_pas6_7_0_,
        user1_.lastname as lastname7_7_0_,
        user1_.pwd as pwd8_7_0_,
        user1_.question_id as questio10_7_0_,
        user1_.response as response9_7_0_,
        user1_.role_id as role_id11_7_0_,
        role2_.id as id1_9_1_,
        role2_.name as name2_9_1_ 
    from
        myproject_db.enterprise enterprise0_ 
    inner join
        myproject_db.user user1_ 
            on enterprise0_.user_id=user1_.id 
    left outer join
        role role2_ 
            on user1_.role_id=role2_.id 
    where
        enterprise0_.user_id=?
2026-05-21 14:01:31.308 [grizzly-http-server-9] DEBUG SQL.logStatement:144 - 
    select
        enterprise0_.id as id1_3_,
        enterprise0_.description as descript2_3_,
        enterprise0_.name as name3_3_,
        enterprise0_.sector as sector4_3_,
        enterprise0_.siret as siret5_3_,
        enterprise0_.user_id as user_id7_3_,
        enterprise0_.website as website6_3_ 
    from
        myproject_db.enterprise enterprise0_ 
    where
        enterprise0_.user_id=?
2026-05-21 14:01:31.310 [grizzly-http-server-10] DEBUG SQL.logStatement:144 - 
    select
        enterprise0_.id as id1_3_0_,
        enterprise0_.description as descript2_3_0_,
        enterprise0_.name as name3_3_0_,
        enterprise0_.sector as sector4_3_0_,
        enterprise0_.siret as siret5_3_0_,
        enterprise0_.user_id as user_id7_3_0_,
        enterprise0_.website as website6_3_0_,
        user1_.id as id1_7_1_,
        user1_.birthdate as birthdat2_7_1_,
        user1_.email as email3_7_1_,
        user1_.firstname as firstnam4_7_1_,
        user1_.active as active5_7_1_,
        user1_.last_password_update as last_pas6_7_1_,
        user1_.lastname as lastname7_7_1_,
        user1_.pwd as pwd8_7_1_,
        user1_.question_id as questio10_7_1_,
        user1_.response as response9_7_1_,
        user1_.role_id as role_id11_7_1_,
        role2_.id as id1_9_2_,
        role2_.name as name2_9_2_ 
    from
        myproject_db.enterprise enterprise0_ 
    inner join
        myproject_db.user user1_ 
            on enterprise0_.user_id=user1_.id 
    inner join
        role role2_ 
            on user1_.role_id=role2_.id 
    where
        enterprise0_.id=?
2026-05-21 14:01:31.311 [grizzly-http-server-9] DEBUG SQL.logStatement:144 - 
    select
        user0_.id as id1_7_0_,
        user0_.birthdate as birthdat2_7_0_,
        user0_.email as email3_7_0_,
        user0_.firstname as firstnam4_7_0_,
        user0_.active as active5_7_0_,
        user0_.last_password_update as last_pas6_7_0_,
        user0_.lastname as lastname7_7_0_,
        user0_.pwd as pwd8_7_0_,
        user0_.question_id as questio10_7_0_,
        user0_.response as response9_7_0_,
        user0_.role_id as role_id11_7_0_,
        role1_.id as id1_9_1_,
        role1_.name as name2_9_1_ 
    from
        myproject_db.user user0_ 
    inner join
        role role1_ 
            on user0_.role_id=role1_.id 
    where
        user0_.id=?
2026-05-21 14:01:31.315 [grizzly-http-server-9] DEBUG SQL.logStatement:144 - 
    select
        enterprise0_.id as id1_3_2_,
        enterprise0_.description as descript2_3_2_,
        enterprise0_.name as name3_3_2_,
        enterprise0_.sector as sector4_3_2_,
        enterprise0_.siret as siret5_3_2_,
        enterprise0_.user_id as user_id7_3_2_,
        enterprise0_.website as website6_3_2_,
        user1_.id as id1_7_0_,
        user1_.birthdate as birthdat2_7_0_,
        user1_.email as email3_7_0_,
        user1_.firstname as firstnam4_7_0_,
        user1_.active as active5_7_0_,
        user1_.last_password_update as last_pas6_7_0_,
        user1_.lastname as lastname7_7_0_,
        user1_.pwd as pwd8_7_0_,
        user1_.question_id as questio10_7_0_,
        user1_.response as response9_7_0_,
        user1_.role_id as role_id11_7_0_,
        role2_.id as id1_9_1_,
        role2_.name as name2_9_1_ 
    from
        myproject_db.enterprise enterprise0_ 
    inner join
        myproject_db.user user1_ 
            on enterprise0_.user_id=user1_.id 
    left outer join
        role role2_ 
            on user1_.role_id=role2_.id 
    where
        enterprise0_.user_id=?
2026-05-21 14:01:31.325 [grizzly-http-server-10] DEBUG SQL.logStatement:144 - 
    select
        internship0_.id as id1_5_,
        internship0_.description as descript2_5_,
        internship0_.end_date as end_date3_5_,
        internship0_.enterprise_id as enterpri9_5_,
        internship0_.remuneration as remunera4_5_,
        internship0_.start_date as start_da5_5_,
        internship0_.status as status6_5_,
        internship0_.title as title7_5_,
        internship0_.ville as ville8_5_ 
    from
        myproject_db.internship_offer internship0_ 
    where
        internship0_.enterprise_id=?
2026-05-21 14:01:31.331 [grizzly-http-server-10] DEBUG SQL.logStatement:144 - 
    select
        enterprise0_.id as id1_3_0_,
        enterprise0_.description as descript2_3_0_,
        enterprise0_.name as name3_3_0_,
        enterprise0_.sector as sector4_3_0_,
        enterprise0_.siret as siret5_3_0_,
        enterprise0_.user_id as user_id7_3_0_,
        enterprise0_.website as website6_3_0_,
        user1_.id as id1_7_1_,
        user1_.birthdate as birthdat2_7_1_,
        user1_.email as email3_7_1_,
        user1_.firstname as firstnam4_7_1_,
        user1_.active as active5_7_1_,
        user1_.last_password_update as last_pas6_7_1_,
        user1_.lastname as lastname7_7_1_,
        user1_.pwd as pwd8_7_1_,
        user1_.question_id as questio10_7_1_,
        user1_.response as response9_7_1_,
        user1_.role_id as role_id11_7_1_,
        role2_.id as id1_9_2_,
        role2_.name as name2_9_2_ 
    from
        myproject_db.enterprise enterprise0_ 
    inner join
        myproject_db.user user1_ 
            on enterprise0_.user_id=user1_.id 
    inner join
        role role2_ 
            on user1_.role_id=role2_.id 
    where
        enterprise0_.id=?
2026-05-21 14:01:31.349 [grizzly-http-server-11] DEBUG SQL.logStatement:144 - 
    select
        enterprise0_.id as id1_3_0_,
        enterprise0_.description as descript2_3_0_,
        enterprise0_.name as name3_3_0_,
        enterprise0_.sector as sector4_3_0_,
        enterprise0_.siret as siret5_3_0_,
        enterprise0_.user_id as user_id7_3_0_,
        enterprise0_.website as website6_3_0_,
        user1_.id as id1_7_1_,
        user1_.birthdate as birthdat2_7_1_,
        user1_.email as email3_7_1_,
        user1_.firstname as firstnam4_7_1_,
        user1_.active as active5_7_1_,
        user1_.last_password_update as last_pas6_7_1_,
        user1_.lastname as lastname7_7_1_,
        user1_.pwd as pwd8_7_1_,
        user1_.question_id as questio10_7_1_,
        user1_.response as response9_7_1_,
        user1_.role_id as role_id11_7_1_,
        role2_.id as id1_9_2_,
        role2_.name as name2_9_2_ 
    from
        myproject_db.enterprise enterprise0_ 
    inner join
        myproject_db.user user1_ 
            on enterprise0_.user_id=user1_.id 
    inner join
        role role2_ 
            on user1_.role_id=role2_.id 
    where
        enterprise0_.id=?
2026-05-21 14:01:31.357 [grizzly-http-server-11] DEBUG SQL.logStatement:144 - 
    select
        internship0_.id as id1_5_,
        internship0_.description as descript2_5_,
        internship0_.end_date as end_date3_5_,
        internship0_.enterprise_id as enterpri9_5_,
        internship0_.remuneration as remunera4_5_,
        internship0_.start_date as start_da5_5_,
        internship0_.status as status6_5_,
        internship0_.title as title7_5_,
        internship0_.ville as ville8_5_ 
    from
        myproject_db.internship_offer internship0_ 
    where
        internship0_.enterprise_id=?
2026-05-21 14:01:31.362 [grizzly-http-server-11] DEBUG SQL.logStatement:144 - 
    select
        enterprise0_.id as id1_3_0_,
        enterprise0_.description as descript2_3_0_,
        enterprise0_.name as name3_3_0_,
        enterprise0_.sector as sector4_3_0_,
        enterprise0_.siret as siret5_3_0_,
        enterprise0_.user_id as user_id7_3_0_,
        enterprise0_.website as website6_3_0_,
        user1_.id as id1_7_1_,
        user1_.birthdate as birthdat2_7_1_,
        user1_.email as email3_7_1_,
        user1_.firstname as firstnam4_7_1_,
        user1_.active as active5_7_1_,
        user1_.last_password_update as last_pas6_7_1_,
        user1_.lastname as lastname7_7_1_,
        user1_.pwd as pwd8_7_1_,
        user1_.question_id as questio10_7_1_,
        user1_.response as response9_7_1_,
        user1_.role_id as role_id11_7_1_,
        role2_.id as id1_9_2_,
        role2_.name as name2_9_2_ 
    from
        myproject_db.enterprise enterprise0_ 
    inner join
        myproject_db.user user1_ 
            on enterprise0_.user_id=user1_.id 
    inner join
        role role2_ 
            on user1_.role_id=role2_.id 
    where
        enterprise0_.id=?
2026-05-21 14:01:32.200 [grizzly-http-server-12] DEBUG SQL.logStatement:144 - 
    select
        applicatio0_.id as id1_2_,
        applicatio0_.apply_date as apply_da2_2_,
        applicatio0_.motivation_letter as motivati3_2_,
        applicatio0_.offer_id as offer_id5_2_,
        applicatio0_.status as status4_2_,
        applicatio0_.student_id as student_6_2_ 
    from
        myproject_db.application applicatio0_ 
    where
        applicatio0_.offer_id=?
2026-05-21 14:01:32.210 [grizzly-http-server-12] DEBUG SQL.logStatement:144 - 
    select
        internship0_.id as id1_5_0_,
        internship0_.description as descript2_5_0_,
        internship0_.end_date as end_date3_5_0_,
        internship0_.enterprise_id as enterpri9_5_0_,
        internship0_.remuneration as remunera4_5_0_,
        internship0_.start_date as start_da5_5_0_,
        internship0_.status as status6_5_0_,
        internship0_.title as title7_5_0_,
        internship0_.ville as ville8_5_0_,
        enterprise1_.id as id1_3_1_,
        enterprise1_.description as descript2_3_1_,
        enterprise1_.name as name3_3_1_,
        enterprise1_.sector as sector4_3_1_,
        enterprise1_.siret as siret5_3_1_,
        enterprise1_.user_id as user_id7_3_1_,
        enterprise1_.website as website6_3_1_,
        user2_.id as id1_7_2_,
        user2_.birthdate as birthdat2_7_2_,
        user2_.email as email3_7_2_,
        user2_.firstname as firstnam4_7_2_,
        user2_.active as active5_7_2_,
        user2_.last_password_update as last_pas6_7_2_,
        user2_.lastname as lastname7_7_2_,
        user2_.pwd as pwd8_7_2_,
        user2_.question_id as questio10_7_2_,
        user2_.response as response9_7_2_,
        user2_.role_id as role_id11_7_2_ 
    from
        myproject_db.internship_offer internship0_ 
    inner join
        myproject_db.enterprise enterprise1_ 
            on internship0_.enterprise_id=enterprise1_.id 
    inner join
        myproject_db.user user2_ 
            on enterprise1_.user_id=user2_.id 
    where
        internship0_.id=?
2026-05-21 14:01:32.214 [grizzly-http-server-12] DEBUG SQL.logStatement:144 - 
    select
        role0_.id as id1_9_0_,
        role0_.name as name2_9_0_ 
    from
        role role0_ 
    where
        role0_.id=?
2026-05-21 14:01:32.218 [grizzly-http-server-12] DEBUG SQL.logStatement:144 - 
    select
        user0_.id as id1_7_0_,
        user0_.birthdate as birthdat2_7_0_,
        user0_.email as email3_7_0_,
        user0_.firstname as firstnam4_7_0_,
        user0_.active as active5_7_0_,
        user0_.last_password_update as last_pas6_7_0_,
        user0_.lastname as lastname7_7_0_,
        user0_.pwd as pwd8_7_0_,
        user0_.question_id as questio10_7_0_,
        user0_.response as response9_7_0_,
        user0_.role_id as role_id11_7_0_,
        role1_.id as id1_9_1_,
        role1_.name as name2_9_1_ 
    from
        myproject_db.user user0_ 
    inner join
        role role1_ 
            on user0_.role_id=role1_.id 
    where
        user0_.id=?
2026-05-21 14:01:32.222 [grizzly-http-server-12] DEBUG SQL.logStatement:144 - 
    select
        enterprise0_.id as id1_3_2_,
        enterprise0_.description as descript2_3_2_,
        enterprise0_.name as name3_3_2_,
        enterprise0_.sector as sector4_3_2_,
        enterprise0_.siret as siret5_3_2_,
        enterprise0_.user_id as user_id7_3_2_,
        enterprise0_.website as website6_3_2_,
        user1_.id as id1_7_0_,
        user1_.birthdate as birthdat2_7_0_,
        user1_.email as email3_7_0_,
        user1_.firstname as firstnam4_7_0_,
        user1_.active as active5_7_0_,
        user1_.last_password_update as last_pas6_7_0_,
        user1_.lastname as lastname7_7_0_,
        user1_.pwd as pwd8_7_0_,
        user1_.question_id as questio10_7_0_,
        user1_.response as response9_7_0_,
        user1_.role_id as role_id11_7_0_,
        role2_.id as id1_9_1_,
        role2_.name as name2_9_1_ 
    from
        myproject_db.enterprise enterprise0_ 
    inner join
        myproject_db.user user1_ 
            on enterprise0_.user_id=user1_.id 
    left outer join
        role role2_ 
            on user1_.role_id=role2_.id 
    where
        enterprise0_.user_id=?
2026-05-21 14:01:32.224 [grizzly-http-server-12] DEBUG SQL.logStatement:144 - 
    select
        user0_.id as id1_7_0_,
        user0_.birthdate as birthdat2_7_0_,
        user0_.email as email3_7_0_,
        user0_.firstname as firstnam4_7_0_,
        user0_.active as active5_7_0_,
        user0_.last_password_update as last_pas6_7_0_,
        user0_.lastname as lastname7_7_0_,
        user0_.pwd as pwd8_7_0_,
        user0_.question_id as questio10_7_0_,
        user0_.response as response9_7_0_,
        user0_.role_id as role_id11_7_0_,
        role1_.id as id1_9_1_,
        role1_.name as name2_9_1_ 
    from
        myproject_db.user user0_ 
    inner join
        role role1_ 
            on user0_.role_id=role1_.id 
    where
        user0_.id=?
2026-05-21 14:01:32.226 [grizzly-http-server-12] DEBUG SQL.logStatement:144 - 
    select
        enterprise0_.id as id1_3_2_,
        enterprise0_.description as descript2_3_2_,
        enterprise0_.name as name3_3_2_,
        enterprise0_.sector as sector4_3_2_,
        enterprise0_.siret as siret5_3_2_,
        enterprise0_.user_id as user_id7_3_2_,
        enterprise0_.website as website6_3_2_,
        user1_.id as id1_7_0_,
        user1_.birthdate as birthdat2_7_0_,
        user1_.email as email3_7_0_,
        user1_.firstname as firstnam4_7_0_,
        user1_.active as active5_7_0_,
        user1_.last_password_update as last_pas6_7_0_,
        user1_.lastname as lastname7_7_0_,
        user1_.pwd as pwd8_7_0_,
        user1_.question_id as questio10_7_0_,
        user1_.response as response9_7_0_,
        user1_.role_id as role_id11_7_0_,
        role2_.id as id1_9_1_,
        role2_.name as name2_9_1_ 
    from
        myproject_db.enterprise enterprise0_ 
    inner join
        myproject_db.user user1_ 
            on enterprise0_.user_id=user1_.id 
    left outer join
        role role2_ 
            on user1_.role_id=role2_.id 
    where
        enterprise0_.user_id=?
2026-05-21 14:01:32.243 [grizzly-http-server-14] DEBUG SQL.logStatement:144 - 
    select
        applicatio0_.id as id1_2_,
        applicatio0_.apply_date as apply_da2_2_,
        applicatio0_.motivation_letter as motivati3_2_,
        applicatio0_.offer_id as offer_id5_2_,
        applicatio0_.status as status4_2_,
        applicatio0_.student_id as student_6_2_ 
    from
        myproject_db.application applicatio0_ 
    where
        applicatio0_.offer_id=?
2026-05-21 14:01:32.247 [grizzly-http-server-14] DEBUG SQL.logStatement:144 - 
    select
        internship0_.id as id1_5_0_,
        internship0_.description as descript2_5_0_,
        internship0_.end_date as end_date3_5_0_,
        internship0_.enterprise_id as enterpri9_5_0_,
        internship0_.remuneration as remunera4_5_0_,
        internship0_.start_date as start_da5_5_0_,
        internship0_.status as status6_5_0_,
        internship0_.title as title7_5_0_,
        internship0_.ville as ville8_5_0_,
        enterprise1_.id as id1_3_1_,
        enterprise1_.description as descript2_3_1_,
        enterprise1_.name as name3_3_1_,
        enterprise1_.sector as sector4_3_1_,
        enterprise1_.siret as siret5_3_1_,
        enterprise1_.user_id as user_id7_3_1_,
        enterprise1_.website as website6_3_1_,
        user2_.id as id1_7_2_,
        user2_.birthdate as birthdat2_7_2_,
        user2_.email as email3_7_2_,
        user2_.firstname as firstnam4_7_2_,
        user2_.active as active5_7_2_,
        user2_.last_password_update as last_pas6_7_2_,
        user2_.lastname as lastname7_7_2_,
        user2_.pwd as pwd8_7_2_,
        user2_.question_id as questio10_7_2_,
        user2_.response as response9_7_2_,
        user2_.role_id as role_id11_7_2_ 
    from
        myproject_db.internship_offer internship0_ 
    inner join
        myproject_db.enterprise enterprise1_ 
            on internship0_.enterprise_id=enterprise1_.id 
    inner join
        myproject_db.user user2_ 
            on enterprise1_.user_id=user2_.id 
    where
        internship0_.id=?
2026-05-21 14:01:32.254 [grizzly-http-server-14] DEBUG SQL.logStatement:144 - 
    select
        role0_.id as id1_9_0_,
        role0_.name as name2_9_0_ 
    from
        role role0_ 
    where
        role0_.id=?
2026-05-21 14:01:32.257 [grizzly-http-server-14] DEBUG SQL.logStatement:144 - 
    select
        user0_.id as id1_7_0_,
        user0_.birthdate as birthdat2_7_0_,
        user0_.email as email3_7_0_,
        user0_.firstname as firstnam4_7_0_,
        user0_.active as active5_7_0_,
        user0_.last_password_update as last_pas6_7_0_,
        user0_.lastname as lastname7_7_0_,
        user0_.pwd as pwd8_7_0_,
        user0_.question_id as questio10_7_0_,
        user0_.response as response9_7_0_,
        user0_.role_id as role_id11_7_0_,
        role1_.id as id1_9_1_,
        role1_.name as name2_9_1_ 
    from
        myproject_db.user user0_ 
    inner join
        role role1_ 
            on user0_.role_id=role1_.id 
    where
        user0_.id=?
2026-05-21 14:01:32.260 [grizzly-http-server-14] DEBUG SQL.logStatement:144 - 
    select
        enterprise0_.id as id1_3_2_,
        enterprise0_.description as descript2_3_2_,
        enterprise0_.name as name3_3_2_,
        enterprise0_.sector as sector4_3_2_,
        enterprise0_.siret as siret5_3_2_,
        enterprise0_.user_id as user_id7_3_2_,
        enterprise0_.website as website6_3_2_,
        user1_.id as id1_7_0_,
        user1_.birthdate as birthdat2_7_0_,
        user1_.email as email3_7_0_,
        user1_.firstname as firstnam4_7_0_,
        user1_.active as active5_7_0_,
        user1_.last_password_update as last_pas6_7_0_,
        user1_.lastname as lastname7_7_0_,
        user1_.pwd as pwd8_7_0_,
        user1_.question_id as questio10_7_0_,
        user1_.response as response9_7_0_,
        user1_.role_id as role_id11_7_0_,
        role2_.id as id1_9_1_,
        role2_.name as name2_9_1_ 
    from
        myproject_db.enterprise enterprise0_ 
    inner join
        myproject_db.user user1_ 
            on enterprise0_.user_id=user1_.id 
    left outer join
        role role2_ 
            on user1_.role_id=role2_.id 
    where
        enterprise0_.user_id=?
2026-05-21 14:01:32.262 [grizzly-http-server-14] DEBUG SQL.logStatement:144 - 
    select
        user0_.id as id1_7_0_,
        user0_.birthdate as birthdat2_7_0_,
        user0_.email as email3_7_0_,
        user0_.firstname as firstnam4_7_0_,
        user0_.active as active5_7_0_,
        user0_.last_password_update as last_pas6_7_0_,
        user0_.lastname as lastname7_7_0_,
        user0_.pwd as pwd8_7_0_,
        user0_.question_id as questio10_7_0_,
        user0_.response as response9_7_0_,
        user0_.role_id as role_id11_7_0_,
        role1_.id as id1_9_1_,
        role1_.name as name2_9_1_ 
    from
        myproject_db.user user0_ 
    inner join
        role role1_ 
            on user0_.role_id=role1_.id 
    where
        user0_.id=?
2026-05-21 14:01:32.264 [grizzly-http-server-14] DEBUG SQL.logStatement:144 - 
    select
        enterprise0_.id as id1_3_2_,
        enterprise0_.description as descript2_3_2_,
        enterprise0_.name as name3_3_2_,
        enterprise0_.sector as sector4_3_2_,
        enterprise0_.siret as siret5_3_2_,
        enterprise0_.user_id as user_id7_3_2_,
        enterprise0_.website as website6_3_2_,
        user1_.id as id1_7_0_,
        user1_.birthdate as birthdat2_7_0_,
        user1_.email as email3_7_0_,
        user1_.firstname as firstnam4_7_0_,
        user1_.active as active5_7_0_,
        user1_.last_password_update as last_pas6_7_0_,
        user1_.lastname as lastname7_7_0_,
        user1_.pwd as pwd8_7_0_,
        user1_.question_id as questio10_7_0_,
        user1_.response as response9_7_0_,
        user1_.role_id as role_id11_7_0_,
        role2_.id as id1_9_1_,
        role2_.name as name2_9_1_ 
    from
        myproject_db.enterprise enterprise0_ 
    inner join
        myproject_db.user user1_ 
            on enterprise0_.user_id=user1_.id 
    left outer join
        role role2_ 
            on user1_.role_id=role2_.id 
    where
        enterprise0_.user_id=?
2026-05-21 14:01:36.201 [grizzly-http-server-13] DEBUG SQL.logStatement:144 - 
    select
        applicatio0_.id as id1_2_0_,
        applicatio0_.apply_date as apply_da2_2_0_,
        applicatio0_.motivation_letter as motivati3_2_0_,
        applicatio0_.offer_id as offer_id5_2_0_,
        applicatio0_.status as status4_2_0_,
        applicatio0_.student_id as student_6_2_0_,
        internship1_.id as id1_5_1_,
        internship1_.description as descript2_5_1_,
        internship1_.end_date as end_date3_5_1_,
        internship1_.enterprise_id as enterpri9_5_1_,
        internship1_.remuneration as remunera4_5_1_,
        internship1_.start_date as start_da5_5_1_,
        internship1_.status as status6_5_1_,
        internship1_.title as title7_5_1_,
        internship1_.ville as ville8_5_1_,
        enterprise2_.id as id1_3_2_,
        enterprise2_.description as descript2_3_2_,
        enterprise2_.name as name3_3_2_,
        enterprise2_.sector as sector4_3_2_,
        enterprise2_.siret as siret5_3_2_,
        enterprise2_.user_id as user_id7_3_2_,
        enterprise2_.website as website6_3_2_,
        user3_.id as id1_7_3_,
        user3_.birthdate as birthdat2_7_3_,
        user3_.email as email3_7_3_,
        user3_.firstname as firstnam4_7_3_,
        user3_.active as active5_7_3_,
        user3_.last_password_update as last_pas6_7_3_,
        user3_.lastname as lastname7_7_3_,
        user3_.pwd as pwd8_7_3_,
        user3_.question_id as questio10_7_3_,
        user3_.response as response9_7_3_,
        user3_.role_id as role_id11_7_3_,
        role4_.id as id1_9_4_,
        role4_.name as name2_9_4_ 
    from
        myproject_db.application applicatio0_ 
    inner join
        myproject_db.internship_offer internship1_ 
            on applicatio0_.offer_id=internship1_.id 
    inner join
        myproject_db.enterprise enterprise2_ 
            on internship1_.enterprise_id=enterprise2_.id 
    inner join
        myproject_db.user user3_ 
            on applicatio0_.student_id=user3_.id 
    inner join
        role role4_ 
            on user3_.role_id=role4_.id 
    where
        applicatio0_.id=?
2026-05-21 14:01:36.212 [grizzly-http-server-13] DEBUG SQL.logStatement:144 - 
    select
        user0_.id as id1_7_0_,
        user0_.birthdate as birthdat2_7_0_,
        user0_.email as email3_7_0_,
        user0_.firstname as firstnam4_7_0_,
        user0_.active as active5_7_0_,
        user0_.last_password_update as last_pas6_7_0_,
        user0_.lastname as lastname7_7_0_,
        user0_.pwd as pwd8_7_0_,
        user0_.question_id as questio10_7_0_,
        user0_.response as response9_7_0_,
        user0_.role_id as role_id11_7_0_,
        role1_.id as id1_9_1_,
        role1_.name as name2_9_1_ 
    from
        myproject_db.user user0_ 
    inner join
        role role1_ 
            on user0_.role_id=role1_.id 
    where
        user0_.id=?
2026-05-21 14:01:36.214 [grizzly-http-server-13] DEBUG SQL.logStatement:144 - 
    select
        enterprise0_.id as id1_3_2_,
        enterprise0_.description as descript2_3_2_,
        enterprise0_.name as name3_3_2_,
        enterprise0_.sector as sector4_3_2_,
        enterprise0_.siret as siret5_3_2_,
        enterprise0_.user_id as user_id7_3_2_,
        enterprise0_.website as website6_3_2_,
        user1_.id as id1_7_0_,
        user1_.birthdate as birthdat2_7_0_,
        user1_.email as email3_7_0_,
        user1_.firstname as firstnam4_7_0_,
        user1_.active as active5_7_0_,
        user1_.last_password_update as last_pas6_7_0_,
        user1_.lastname as lastname7_7_0_,
        user1_.pwd as pwd8_7_0_,
        user1_.question_id as questio10_7_0_,
        user1_.response as response9_7_0_,
        user1_.role_id as role_id11_7_0_,
        role2_.id as id1_9_1_,
        role2_.name as name2_9_1_ 
    from
        myproject_db.enterprise enterprise0_ 
    inner join
        myproject_db.user user1_ 
            on enterprise0_.user_id=user1_.id 
    left outer join
        role role2_ 
            on user1_.role_id=role2_.id 
    where
        enterprise0_.user_id=?
2026-05-21 14:01:36.218 [grizzly-http-server-13] DEBUG SQL.logStatement:144 - 
    select
        enterprise0_.id as id1_3_2_,
        enterprise0_.description as descript2_3_2_,
        enterprise0_.name as name3_3_2_,
        enterprise0_.sector as sector4_3_2_,
        enterprise0_.siret as siret5_3_2_,
        enterprise0_.user_id as user_id7_3_2_,
        enterprise0_.website as website6_3_2_,
        user1_.id as id1_7_0_,
        user1_.birthdate as birthdat2_7_0_,
        user1_.email as email3_7_0_,
        user1_.firstname as firstnam4_7_0_,
        user1_.active as active5_7_0_,
        user1_.last_password_update as last_pas6_7_0_,
        user1_.lastname as lastname7_7_0_,
        user1_.pwd as pwd8_7_0_,
        user1_.question_id as questio10_7_0_,
        user1_.response as response9_7_0_,
        user1_.role_id as role_id11_7_0_,
        role2_.id as id1_9_1_,
        role2_.name as name2_9_1_ 
    from
        myproject_db.enterprise enterprise0_ 
    inner join
        myproject_db.user user1_ 
            on enterprise0_.user_id=user1_.id 
    left outer join
        role role2_ 
            on user1_.role_id=role2_.id 
    where
        enterprise0_.user_id=?
2026-05-21 14:01:36.222 [grizzly-http-server-13] DEBUG SQL.logStatement:144 - 
    select
        applicatio0_.id as id1_2_,
        applicatio0_.apply_date as apply_da2_2_,
        applicatio0_.motivation_letter as motivati3_2_,
        applicatio0_.offer_id as offer_id5_2_,
        applicatio0_.status as status4_2_,
        applicatio0_.student_id as student_6_2_ 
    from
        myproject_db.application applicatio0_ 
    where
        applicatio0_.offer_id=?
2026-05-21 14:01:36.226 [grizzly-http-server-13] DEBUG SQL.logStatement:144 - 
    select
        internship0_.id as id1_5_0_,
        internship0_.description as descript2_5_0_,
        internship0_.end_date as end_date3_5_0_,
        internship0_.enterprise_id as enterpri9_5_0_,
        internship0_.remuneration as remunera4_5_0_,
        internship0_.start_date as start_da5_5_0_,
        internship0_.status as status6_5_0_,
        internship0_.title as title7_5_0_,
        internship0_.ville as ville8_5_0_,
        enterprise1_.id as id1_3_1_,
        enterprise1_.description as descript2_3_1_,
        enterprise1_.name as name3_3_1_,
        enterprise1_.sector as sector4_3_1_,
        enterprise1_.siret as siret5_3_1_,
        enterprise1_.user_id as user_id7_3_1_,
        enterprise1_.website as website6_3_1_,
        user2_.id as id1_7_2_,
        user2_.birthdate as birthdat2_7_2_,
        user2_.email as email3_7_2_,
        user2_.firstname as firstnam4_7_2_,
        user2_.active as active5_7_2_,
        user2_.last_password_update as last_pas6_7_2_,
        user2_.lastname as lastname7_7_2_,
        user2_.pwd as pwd8_7_2_,
        user2_.question_id as questio10_7_2_,
        user2_.response as response9_7_2_,
        user2_.role_id as role_id11_7_2_ 
    from
        myproject_db.internship_offer internship0_ 
    inner join
        myproject_db.enterprise enterprise1_ 
            on internship0_.enterprise_id=enterprise1_.id 
    inner join
        myproject_db.user user2_ 
            on enterprise1_.user_id=user2_.id 
    where
        internship0_.id=?
2026-05-21 14:01:36.229 [grizzly-http-server-13] DEBUG SQL.logStatement:144 - 
    select
        role0_.id as id1_9_0_,
        role0_.name as name2_9_0_ 
    from
        role role0_ 
    where
        role0_.id=?
2026-05-21 14:01:36.232 [grizzly-http-server-13] DEBUG SQL.logStatement:144 - 
    select
        user0_.id as id1_7_0_,
        user0_.birthdate as birthdat2_7_0_,
        user0_.email as email3_7_0_,
        user0_.firstname as firstnam4_7_0_,
        user0_.active as active5_7_0_,
        user0_.last_password_update as last_pas6_7_0_,
        user0_.lastname as lastname7_7_0_,
        user0_.pwd as pwd8_7_0_,
        user0_.question_id as questio10_7_0_,
        user0_.response as response9_7_0_,
        user0_.role_id as role_id11_7_0_,
        role1_.id as id1_9_1_,
        role1_.name as name2_9_1_ 
    from
        myproject_db.user user0_ 
    inner join
        role role1_ 
            on user0_.role_id=role1_.id 
    where
        user0_.id=?
2026-05-21 14:01:36.235 [grizzly-http-server-13] DEBUG SQL.logStatement:144 - 
    select
        enterprise0_.id as id1_3_2_,
        enterprise0_.description as descript2_3_2_,
        enterprise0_.name as name3_3_2_,
        enterprise0_.sector as sector4_3_2_,
        enterprise0_.siret as siret5_3_2_,
        enterprise0_.user_id as user_id7_3_2_,
        enterprise0_.website as website6_3_2_,
        user1_.id as id1_7_0_,
        user1_.birthdate as birthdat2_7_0_,
        user1_.email as email3_7_0_,
        user1_.firstname as firstnam4_7_0_,
        user1_.active as active5_7_0_,
        user1_.last_password_update as last_pas6_7_0_,
        user1_.lastname as lastname7_7_0_,
        user1_.pwd as pwd8_7_0_,
        user1_.question_id as questio10_7_0_,
        user1_.response as response9_7_0_,
        user1_.role_id as role_id11_7_0_,
        role2_.id as id1_9_1_,
        role2_.name as name2_9_1_ 
    from
        myproject_db.enterprise enterprise0_ 
    inner join
        myproject_db.user user1_ 
            on enterprise0_.user_id=user1_.id 
    left outer join
        role role2_ 
            on user1_.role_id=role2_.id 
    where
        enterprise0_.user_id=?
2026-05-21 14:01:36.237 [grizzly-http-server-13] DEBUG SQL.logStatement:144 - 
    select
        user0_.id as id1_7_0_,
        user0_.birthdate as birthdat2_7_0_,
        user0_.email as email3_7_0_,
        user0_.firstname as firstnam4_7_0_,
        user0_.active as active5_7_0_,
        user0_.last_password_update as last_pas6_7_0_,
        user0_.lastname as lastname7_7_0_,
        user0_.pwd as pwd8_7_0_,
        user0_.question_id as questio10_7_0_,
        user0_.response as response9_7_0_,
        user0_.role_id as role_id11_7_0_,
        role1_.id as id1_9_1_,
        role1_.name as name2_9_1_ 
    from
        myproject_db.user user0_ 
    inner join
        role role1_ 
            on user0_.role_id=role1_.id 
    where
        user0_.id=?
2026-05-21 14:01:36.240 [grizzly-http-server-13] DEBUG SQL.logStatement:144 - 
    select
        enterprise0_.id as id1_3_2_,
        enterprise0_.description as descript2_3_2_,
        enterprise0_.name as name3_3_2_,
        enterprise0_.sector as sector4_3_2_,
        enterprise0_.siret as siret5_3_2_,
        enterprise0_.user_id as user_id7_3_2_,
        enterprise0_.website as website6_3_2_,
        user1_.id as id1_7_0_,
        user1_.birthdate as birthdat2_7_0_,
        user1_.email as email3_7_0_,
        user1_.firstname as firstnam4_7_0_,
        user1_.active as active5_7_0_,
        user1_.last_password_update as last_pas6_7_0_,
        user1_.lastname as lastname7_7_0_,
        user1_.pwd as pwd8_7_0_,
        user1_.question_id as questio10_7_0_,
        user1_.response as response9_7_0_,
        user1_.role_id as role_id11_7_0_,
        role2_.id as id1_9_1_,
        role2_.name as name2_9_1_ 
    from
        myproject_db.enterprise enterprise0_ 
    inner join
        myproject_db.user user1_ 
            on enterprise0_.user_id=user1_.id 
    left outer join
        role role2_ 
            on user1_.role_id=role2_.id 
    where
        enterprise0_.user_id=?
2026-05-21 14:01:36.274 [grizzly-http-server-13] DEBUG SQL.logStatement:144 - 
    select
        applicatio0_.id as id1_2_0_,
        applicatio0_.apply_date as apply_da2_2_0_,
        applicatio0_.motivation_letter as motivati3_2_0_,
        applicatio0_.offer_id as offer_id5_2_0_,
        applicatio0_.status as status4_2_0_,
        applicatio0_.student_id as student_6_2_0_ 
    from
        myproject_db.application applicatio0_ 
    where
        applicatio0_.id=?
2026-05-21 14:01:36.277 [grizzly-http-server-13] DEBUG SQL.logStatement:144 - 
    select
        internship0_.id as id1_5_0_,
        internship0_.description as descript2_5_0_,
        internship0_.end_date as end_date3_5_0_,
        internship0_.enterprise_id as enterpri9_5_0_,
        internship0_.remuneration as remunera4_5_0_,
        internship0_.start_date as start_da5_5_0_,
        internship0_.status as status6_5_0_,
        internship0_.title as title7_5_0_,
        internship0_.ville as ville8_5_0_ 
    from
        myproject_db.internship_offer internship0_ 
    where
        internship0_.id=?
2026-05-21 14:01:36.280 [grizzly-http-server-13] DEBUG SQL.logStatement:144 - 
    select
        enterprise0_.id as id1_3_0_,
        enterprise0_.description as descript2_3_0_,
        enterprise0_.name as name3_3_0_,
        enterprise0_.sector as sector4_3_0_,
        enterprise0_.siret as siret5_3_0_,
        enterprise0_.user_id as user_id7_3_0_,
        enterprise0_.website as website6_3_0_ 
    from
        myproject_db.enterprise enterprise0_ 
    where
        enterprise0_.id=?
2026-05-21 14:01:36.284 [grizzly-http-server-13] DEBUG SQL.logStatement:144 - 
    select
        user0_.id as id1_7_2_,
        user0_.birthdate as birthdat2_7_2_,
        user0_.email as email3_7_2_,
        user0_.firstname as firstnam4_7_2_,
        user0_.active as active5_7_2_,
        user0_.last_password_update as last_pas6_7_2_,
        user0_.lastname as lastname7_7_2_,
        user0_.pwd as pwd8_7_2_,
        user0_.question_id as questio10_7_2_,
        user0_.response as response9_7_2_,
        user0_.role_id as role_id11_7_2_,
        addresses1_.user_id as user_id8_0_4_,
        addresses1_.id as id1_0_4_,
        addresses1_.id as id1_0_0_,
        addresses1_.city as city2_0_0_,
        addresses1_.country as country3_0_0_,
        addresses1_.number as number4_0_0_,
        addresses1_.postal_code as postal_c5_0_0_,
        addresses1_.street as street6_0_0_,
        addresses1_.type_street as type_str7_0_0_,
        addresses1_.user_id as user_id8_0_0_,
        enterprise2_.id as id1_3_1_,
        enterprise2_.description as descript2_3_1_,
        enterprise2_.name as name3_3_1_,
        enterprise2_.sector as sector4_3_1_,
        enterprise2_.siret as siret5_3_1_,
        enterprise2_.user_id as user_id7_3_1_,
        enterprise2_.website as website6_3_1_ 
    from
        myproject_db.user user0_ 
    left outer join
        myproject_db.address addresses1_ 
            on user0_.id=addresses1_.user_id 
    left outer join
        myproject_db.enterprise enterprise2_ 
            on user0_.id=enterprise2_.user_id 
    where
        user0_.id=?
2026-05-21 14:01:36.313 [grizzly-http-server-13] DEBUG SQL.logStatement:144 - 
    select
        role0_.id as id1_9_0_,
        role0_.name as name2_9_0_ 
    from
        role role0_ 
    where
        role0_.id=?
2026-05-21 14:01:36.316 [grizzly-http-server-13] DEBUG SQL.logStatement:144 - 
    select
        enterprise0_.id as id1_3_2_,
        enterprise0_.description as descript2_3_2_,
        enterprise0_.name as name3_3_2_,
        enterprise0_.sector as sector4_3_2_,
        enterprise0_.siret as siret5_3_2_,
        enterprise0_.user_id as user_id7_3_2_,
        enterprise0_.website as website6_3_2_,
        user1_.id as id1_7_0_,
        user1_.birthdate as birthdat2_7_0_,
        user1_.email as email3_7_0_,
        user1_.firstname as firstnam4_7_0_,
        user1_.active as active5_7_0_,
        user1_.last_password_update as last_pas6_7_0_,
        user1_.lastname as lastname7_7_0_,
        user1_.pwd as pwd8_7_0_,
        user1_.question_id as questio10_7_0_,
        user1_.response as response9_7_0_,
        user1_.role_id as role_id11_7_0_,
        role2_.id as id1_9_1_,
        role2_.name as name2_9_1_ 
    from
        myproject_db.enterprise enterprise0_ 
    inner join
        myproject_db.user user1_ 
            on enterprise0_.user_id=user1_.id 
    left outer join
        role role2_ 
            on user1_.role_id=role2_.id 
    where
        enterprise0_.user_id=?
2026-05-21 14:01:36.320 [grizzly-http-server-13] DEBUG SQL.logStatement:144 - 
    select
        user0_.id as id1_7_2_,
        user0_.birthdate as birthdat2_7_2_,
        user0_.email as email3_7_2_,
        user0_.firstname as firstnam4_7_2_,
        user0_.active as active5_7_2_,
        user0_.last_password_update as last_pas6_7_2_,
        user0_.lastname as lastname7_7_2_,
        user0_.pwd as pwd8_7_2_,
        user0_.question_id as questio10_7_2_,
        user0_.response as response9_7_2_,
        user0_.role_id as role_id11_7_2_,
        addresses1_.user_id as user_id8_0_4_,
        addresses1_.id as id1_0_4_,
        addresses1_.id as id1_0_0_,
        addresses1_.city as city2_0_0_,
        addresses1_.country as country3_0_0_,
        addresses1_.number as number4_0_0_,
        addresses1_.postal_code as postal_c5_0_0_,
        addresses1_.street as street6_0_0_,
        addresses1_.type_street as type_str7_0_0_,
        addresses1_.user_id as user_id8_0_0_,
        enterprise2_.id as id1_3_1_,
        enterprise2_.description as descript2_3_1_,
        enterprise2_.name as name3_3_1_,
        enterprise2_.sector as sector4_3_1_,
        enterprise2_.siret as siret5_3_1_,
        enterprise2_.user_id as user_id7_3_1_,
        enterprise2_.website as website6_3_1_ 
    from
        myproject_db.user user0_ 
    left outer join
        myproject_db.address addresses1_ 
            on user0_.id=addresses1_.user_id 
    left outer join
        myproject_db.enterprise enterprise2_ 
            on user0_.id=enterprise2_.user_id 
    where
        user0_.id=?
2026-05-21 14:01:36.324 [grizzly-http-server-13] DEBUG SQL.logStatement:144 - 
    select
        role0_.id as id1_9_0_,
        role0_.name as name2_9_0_ 
    from
        role role0_ 
    where
        role0_.id=?
2026-05-21 14:01:36.357 [grizzly-http-server-13] DEBUG SQL.logStatement:144 - 
    select
        internship0_.id as id1_4_,
        internship0_.application_id as applicat9_4_,
        internship0_.convention_status as conventi2_4_,
        internship0_.dateDebut as datedebu3_4_,
        internship0_.dateFin as datefin4_4_,
        internship0_.estValide as estvalid5_4_,
        internship0_.missions as missions6_4_,
        internship0_.note_finale as note_fin7_4_,
        internship0_.prof_id as prof_id10_4_,
        internship0_.rapport_tuteur as rapport_8_4_ 
    from
        myproject_db.internship internship0_ 
    where
        internship0_.application_id=?
2026-05-21 14:05:41.053 [main] INFO  Version.logVersion:44 - HHH000412: Hibernate ORM core version 5.6.15.Final
2026-05-21 14:05:41.857 [main] INFO  Version.<clinit>:56 - HCANN000001: Hibernate Commons Annotations {5.1.2.Final}
2026-05-21 14:05:42.039 [main] WARN  pooling.configure:75 - HHH10001002: Using Hibernate built-in connection pool (not for production use!)
2026-05-21 14:05:42.053 [main] INFO  pooling.buildCreator:119 - HHH10001005: using driver [com.mysql.cj.jdbc.Driver] at URL [jdbc:mysql://127.0.0.1:3306/myproject_db?useSSL=false&serverTimezone=UTC&allowPublicKeyRetrieval=true]
2026-05-21 14:05:42.053 [main] INFO  pooling.buildCreator:128 - HHH10001001: Connection properties: {password=****, user=root}
2026-05-21 14:05:42.054 [main] INFO  pooling.buildCreator:132 - HHH10001003: Autocommit mode: false
2026-05-21 14:05:42.060 [main] INFO  DriverManagerConnectionProviderImpl.<init>:322 - HHH000115: Hibernate connection pool size: 20 (min=1)
2026-05-21 14:05:42.345 [main] INFO  Dialect.<init>:175 - HHH000400: Using dialect: org.hibernate.dialect.MySQL8Dialect
2026-05-21 14:05:42.927 [main] INFO  Version.<clinit>:21 - HV000001: Hibernate Validator 6.2.5.Final
2026-05-21 14:05:43.780 [main] INFO  access.getIsolatedConnection:48 - HHH10001501: Connection obtained from JdbcConnectionAccess [org.hibernate.engine.jdbc.env.internal.JdbcEnvironmentInitiator$ConnectionProviderJdbcConnectionAccess@4b033eac] for (non-JTA) DDL execution was not in auto-commit mode; the Connection 'local transaction' will be committed and the Connection will be set into auto-commit mode.
2026-05-21 14:05:43.993 [main] INFO  JtaPlatformInitiator.initiateService:52 - HHH000490: Using JtaPlatform implementation: [org.hibernate.engine.transaction.jta.platform.internal.NoJtaPlatform]
2026-05-21 14:06:00.298 [grizzly-http-server-1] DEBUG SQL.logStatement:144 - 
    select
        enterprise0_.id as id1_3_,
        enterprise0_.description as descript2_3_,
        enterprise0_.name as name3_3_,
        enterprise0_.sector as sector4_3_,
        enterprise0_.siret as siret5_3_,
        enterprise0_.user_id as user_id7_3_,
        enterprise0_.website as website6_3_ 
    from
        myproject_db.enterprise enterprise0_ 
    where
        enterprise0_.user_id=?
2026-05-21 14:06:00.333 [grizzly-http-server-1] DEBUG SQL.logStatement:144 - 
    select
        user0_.id as id1_7_0_,
        user0_.birthdate as birthdat2_7_0_,
        user0_.email as email3_7_0_,
        user0_.firstname as firstnam4_7_0_,
        user0_.active as active5_7_0_,
        user0_.last_password_update as last_pas6_7_0_,
        user0_.lastname as lastname7_7_0_,
        user0_.pwd as pwd8_7_0_,
        user0_.question_id as questio10_7_0_,
        user0_.response as response9_7_0_,
        user0_.role_id as role_id11_7_0_,
        role1_.id as id1_9_1_,
        role1_.name as name2_9_1_ 
    from
        myproject_db.user user0_ 
    inner join
        role role1_ 
            on user0_.role_id=role1_.id 
    where
        user0_.id=?
2026-05-21 14:06:00.369 [grizzly-http-server-1] DEBUG SQL.logStatement:144 - 
    select
        enterprise0_.id as id1_3_2_,
        enterprise0_.description as descript2_3_2_,
        enterprise0_.name as name3_3_2_,
        enterprise0_.sector as sector4_3_2_,
        enterprise0_.siret as siret5_3_2_,
        enterprise0_.user_id as user_id7_3_2_,
        enterprise0_.website as website6_3_2_,
        user1_.id as id1_7_0_,
        user1_.birthdate as birthdat2_7_0_,
        user1_.email as email3_7_0_,
        user1_.firstname as firstnam4_7_0_,
        user1_.active as active5_7_0_,
        user1_.last_password_update as last_pas6_7_0_,
        user1_.lastname as lastname7_7_0_,
        user1_.pwd as pwd8_7_0_,
        user1_.question_id as questio10_7_0_,
        user1_.response as response9_7_0_,
        user1_.role_id as role_id11_7_0_,
        role2_.id as id1_9_1_,
        role2_.name as name2_9_1_ 
    from
        myproject_db.enterprise enterprise0_ 
    inner join
        myproject_db.user user1_ 
            on enterprise0_.user_id=user1_.id 
    left outer join
        role role2_ 
            on user1_.role_id=role2_.id 
    where
        enterprise0_.user_id=?
2026-05-21 14:06:00.459 [grizzly-http-server-4] DEBUG SQL.logStatement:144 - 
    select
        enterprise0_.id as id1_3_,
        enterprise0_.description as descript2_3_,
        enterprise0_.name as name3_3_,
        enterprise0_.sector as sector4_3_,
        enterprise0_.siret as siret5_3_,
        enterprise0_.user_id as user_id7_3_,
        enterprise0_.website as website6_3_ 
    from
        myproject_db.enterprise enterprise0_ 
    where
        enterprise0_.user_id=?
2026-05-21 14:06:00.466 [grizzly-http-server-4] DEBUG SQL.logStatement:144 - 
    select
        user0_.id as id1_7_0_,
        user0_.birthdate as birthdat2_7_0_,
        user0_.email as email3_7_0_,
        user0_.firstname as firstnam4_7_0_,
        user0_.active as active5_7_0_,
        user0_.last_password_update as last_pas6_7_0_,
        user0_.lastname as lastname7_7_0_,
        user0_.pwd as pwd8_7_0_,
        user0_.question_id as questio10_7_0_,
        user0_.response as response9_7_0_,
        user0_.role_id as role_id11_7_0_,
        role1_.id as id1_9_1_,
        role1_.name as name2_9_1_ 
    from
        myproject_db.user user0_ 
    inner join
        role role1_ 
            on user0_.role_id=role1_.id 
    where
        user0_.id=?
2026-05-21 14:06:00.468 [grizzly-http-server-4] DEBUG SQL.logStatement:144 - 
    select
        enterprise0_.id as id1_3_2_,
        enterprise0_.description as descript2_3_2_,
        enterprise0_.name as name3_3_2_,
        enterprise0_.sector as sector4_3_2_,
        enterprise0_.siret as siret5_3_2_,
        enterprise0_.user_id as user_id7_3_2_,
        enterprise0_.website as website6_3_2_,
        user1_.id as id1_7_0_,
        user1_.birthdate as birthdat2_7_0_,
        user1_.email as email3_7_0_,
        user1_.firstname as firstnam4_7_0_,
        user1_.active as active5_7_0_,
        user1_.last_password_update as last_pas6_7_0_,
        user1_.lastname as lastname7_7_0_,
        user1_.pwd as pwd8_7_0_,
        user1_.question_id as questio10_7_0_,
        user1_.response as response9_7_0_,
        user1_.role_id as role_id11_7_0_,
        role2_.id as id1_9_1_,
        role2_.name as name2_9_1_ 
    from
        myproject_db.enterprise enterprise0_ 
    inner join
        myproject_db.user user1_ 
            on enterprise0_.user_id=user1_.id 
    left outer join
        role role2_ 
            on user1_.role_id=role2_.id 
    where
        enterprise0_.user_id=?
2026-05-21 14:06:00.473 [grizzly-http-server-3] DEBUG SQL.logStatement:144 - 
    select
        enterprise0_.id as id1_3_0_,
        enterprise0_.description as descript2_3_0_,
        enterprise0_.name as name3_3_0_,
        enterprise0_.sector as sector4_3_0_,
        enterprise0_.siret as siret5_3_0_,
        enterprise0_.user_id as user_id7_3_0_,
        enterprise0_.website as website6_3_0_,
        user1_.id as id1_7_1_,
        user1_.birthdate as birthdat2_7_1_,
        user1_.email as email3_7_1_,
        user1_.firstname as firstnam4_7_1_,
        user1_.active as active5_7_1_,
        user1_.last_password_update as last_pas6_7_1_,
        user1_.lastname as lastname7_7_1_,
        user1_.pwd as pwd8_7_1_,
        user1_.question_id as questio10_7_1_,
        user1_.response as response9_7_1_,
        user1_.role_id as role_id11_7_1_,
        role2_.id as id1_9_2_,
        role2_.name as name2_9_2_ 
    from
        myproject_db.enterprise enterprise0_ 
    inner join
        myproject_db.user user1_ 
            on enterprise0_.user_id=user1_.id 
    inner join
        role role2_ 
            on user1_.role_id=role2_.id 
    where
        enterprise0_.id=?
2026-05-21 14:06:00.490 [grizzly-http-server-3] DEBUG SQL.logStatement:144 - 
    select
        internship0_.id as id1_5_,
        internship0_.description as descript2_5_,
        internship0_.end_date as end_date3_5_,
        internship0_.enterprise_id as enterpri9_5_,
        internship0_.remuneration as remunera4_5_,
        internship0_.start_date as start_da5_5_,
        internship0_.status as status6_5_,
        internship0_.title as title7_5_,
        internship0_.ville as ville8_5_ 
    from
        myproject_db.internship_offer internship0_ 
    where
        internship0_.enterprise_id=?
2026-05-21 14:06:00.496 [grizzly-http-server-3] DEBUG SQL.logStatement:144 - 
    select
        enterprise0_.id as id1_3_0_,
        enterprise0_.description as descript2_3_0_,
        enterprise0_.name as name3_3_0_,
        enterprise0_.sector as sector4_3_0_,
        enterprise0_.siret as siret5_3_0_,
        enterprise0_.user_id as user_id7_3_0_,
        enterprise0_.website as website6_3_0_,
        user1_.id as id1_7_1_,
        user1_.birthdate as birthdat2_7_1_,
        user1_.email as email3_7_1_,
        user1_.firstname as firstnam4_7_1_,
        user1_.active as active5_7_1_,
        user1_.last_password_update as last_pas6_7_1_,
        user1_.lastname as lastname7_7_1_,
        user1_.pwd as pwd8_7_1_,
        user1_.question_id as questio10_7_1_,
        user1_.response as response9_7_1_,
        user1_.role_id as role_id11_7_1_,
        role2_.id as id1_9_2_,
        role2_.name as name2_9_2_ 
    from
        myproject_db.enterprise enterprise0_ 
    inner join
        myproject_db.user user1_ 
            on enterprise0_.user_id=user1_.id 
    inner join
        role role2_ 
            on user1_.role_id=role2_.id 
    where
        enterprise0_.id=?
2026-05-21 14:06:00.527 [grizzly-http-server-5] DEBUG SQL.logStatement:144 - 
    select
        enterprise0_.id as id1_3_0_,
        enterprise0_.description as descript2_3_0_,
        enterprise0_.name as name3_3_0_,
        enterprise0_.sector as sector4_3_0_,
        enterprise0_.siret as siret5_3_0_,
        enterprise0_.user_id as user_id7_3_0_,
        enterprise0_.website as website6_3_0_,
        user1_.id as id1_7_1_,
        user1_.birthdate as birthdat2_7_1_,
        user1_.email as email3_7_1_,
        user1_.firstname as firstnam4_7_1_,
        user1_.active as active5_7_1_,
        user1_.last_password_update as last_pas6_7_1_,
        user1_.lastname as lastname7_7_1_,
        user1_.pwd as pwd8_7_1_,
        user1_.question_id as questio10_7_1_,
        user1_.response as response9_7_1_,
        user1_.role_id as role_id11_7_1_,
        role2_.id as id1_9_2_,
        role2_.name as name2_9_2_ 
    from
        myproject_db.enterprise enterprise0_ 
    inner join
        myproject_db.user user1_ 
            on enterprise0_.user_id=user1_.id 
    inner join
        role role2_ 
            on user1_.role_id=role2_.id 
    where
        enterprise0_.id=?
2026-05-21 14:06:00.532 [grizzly-http-server-5] DEBUG SQL.logStatement:144 - 
    select
        internship0_.id as id1_5_,
        internship0_.description as descript2_5_,
        internship0_.end_date as end_date3_5_,
        internship0_.enterprise_id as enterpri9_5_,
        internship0_.remuneration as remunera4_5_,
        internship0_.start_date as start_da5_5_,
        internship0_.status as status6_5_,
        internship0_.title as title7_5_,
        internship0_.ville as ville8_5_ 
    from
        myproject_db.internship_offer internship0_ 
    where
        internship0_.enterprise_id=?
2026-05-21 14:06:00.539 [grizzly-http-server-5] DEBUG SQL.logStatement:144 - 
    select
        enterprise0_.id as id1_3_0_,
        enterprise0_.description as descript2_3_0_,
        enterprise0_.name as name3_3_0_,
        enterprise0_.sector as sector4_3_0_,
        enterprise0_.siret as siret5_3_0_,
        enterprise0_.user_id as user_id7_3_0_,
        enterprise0_.website as website6_3_0_,
        user1_.id as id1_7_1_,
        user1_.birthdate as birthdat2_7_1_,
        user1_.email as email3_7_1_,
        user1_.firstname as firstnam4_7_1_,
        user1_.active as active5_7_1_,
        user1_.last_password_update as last_pas6_7_1_,
        user1_.lastname as lastname7_7_1_,
        user1_.pwd as pwd8_7_1_,
        user1_.question_id as questio10_7_1_,
        user1_.response as response9_7_1_,
        user1_.role_id as role_id11_7_1_,
        role2_.id as id1_9_2_,
        role2_.name as name2_9_2_ 
    from
        myproject_db.enterprise enterprise0_ 
    inner join
        myproject_db.user user1_ 
            on enterprise0_.user_id=user1_.id 
    inner join
        role role2_ 
            on user1_.role_id=role2_.id 
    where
        enterprise0_.id=?
2026-05-21 14:06:09.983 [grizzly-http-server-8] DEBUG SQL.logStatement:144 - 
    select
        enterprise0_.id as id1_3_,
        enterprise0_.description as descript2_3_,
        enterprise0_.name as name3_3_,
        enterprise0_.sector as sector4_3_,
        enterprise0_.siret as siret5_3_,
        enterprise0_.user_id as user_id7_3_,
        enterprise0_.website as website6_3_ 
    from
        myproject_db.enterprise enterprise0_ 
    where
        enterprise0_.user_id=?
2026-05-21 14:06:09.992 [grizzly-http-server-8] DEBUG SQL.logStatement:144 - 
    select
        user0_.id as id1_7_0_,
        user0_.birthdate as birthdat2_7_0_,
        user0_.email as email3_7_0_,
        user0_.firstname as firstnam4_7_0_,
        user0_.active as active5_7_0_,
        user0_.last_password_update as last_pas6_7_0_,
        user0_.lastname as lastname7_7_0_,
        user0_.pwd as pwd8_7_0_,
        user0_.question_id as questio10_7_0_,
        user0_.response as response9_7_0_,
        user0_.role_id as role_id11_7_0_,
        role1_.id as id1_9_1_,
        role1_.name as name2_9_1_ 
    from
        myproject_db.user user0_ 
    inner join
        role role1_ 
            on user0_.role_id=role1_.id 
    where
        user0_.id=?
2026-05-21 14:06:09.997 [grizzly-http-server-8] DEBUG SQL.logStatement:144 - 
    select
        enterprise0_.id as id1_3_2_,
        enterprise0_.description as descript2_3_2_,
        enterprise0_.name as name3_3_2_,
        enterprise0_.sector as sector4_3_2_,
        enterprise0_.siret as siret5_3_2_,
        enterprise0_.user_id as user_id7_3_2_,
        enterprise0_.website as website6_3_2_,
        user1_.id as id1_7_0_,
        user1_.birthdate as birthdat2_7_0_,
        user1_.email as email3_7_0_,
        user1_.firstname as firstnam4_7_0_,
        user1_.active as active5_7_0_,
        user1_.last_password_update as last_pas6_7_0_,
        user1_.lastname as lastname7_7_0_,
        user1_.pwd as pwd8_7_0_,
        user1_.question_id as questio10_7_0_,
        user1_.response as response9_7_0_,
        user1_.role_id as role_id11_7_0_,
        role2_.id as id1_9_1_,
        role2_.name as name2_9_1_ 
    from
        myproject_db.enterprise enterprise0_ 
    inner join
        myproject_db.user user1_ 
            on enterprise0_.user_id=user1_.id 
    left outer join
        role role2_ 
            on user1_.role_id=role2_.id 
    where
        enterprise0_.user_id=?
2026-05-21 14:06:10.011 [grizzly-http-server-9] DEBUG SQL.logStatement:144 - 
    select
        enterprise0_.id as id1_3_,
        enterprise0_.description as descript2_3_,
        enterprise0_.name as name3_3_,
        enterprise0_.sector as sector4_3_,
        enterprise0_.siret as siret5_3_,
        enterprise0_.user_id as user_id7_3_,
        enterprise0_.website as website6_3_ 
    from
        myproject_db.enterprise enterprise0_ 
    where
        enterprise0_.user_id=?
2026-05-21 14:06:10.017 [grizzly-http-server-10] DEBUG SQL.logStatement:144 - 
    select
        enterprise0_.id as id1_3_0_,
        enterprise0_.description as descript2_3_0_,
        enterprise0_.name as name3_3_0_,
        enterprise0_.sector as sector4_3_0_,
        enterprise0_.siret as siret5_3_0_,
        enterprise0_.user_id as user_id7_3_0_,
        enterprise0_.website as website6_3_0_,
        user1_.id as id1_7_1_,
        user1_.birthdate as birthdat2_7_1_,
        user1_.email as email3_7_1_,
        user1_.firstname as firstnam4_7_1_,
        user1_.active as active5_7_1_,
        user1_.last_password_update as last_pas6_7_1_,
        user1_.lastname as lastname7_7_1_,
        user1_.pwd as pwd8_7_1_,
        user1_.question_id as questio10_7_1_,
        user1_.response as response9_7_1_,
        user1_.role_id as role_id11_7_1_,
        role2_.id as id1_9_2_,
        role2_.name as name2_9_2_ 
    from
        myproject_db.enterprise enterprise0_ 
    inner join
        myproject_db.user user1_ 
            on enterprise0_.user_id=user1_.id 
    inner join
        role role2_ 
            on user1_.role_id=role2_.id 
    where
        enterprise0_.id=?
2026-05-21 14:06:10.022 [grizzly-http-server-9] DEBUG SQL.logStatement:144 - 
    select
        user0_.id as id1_7_0_,
        user0_.birthdate as birthdat2_7_0_,
        user0_.email as email3_7_0_,
        user0_.firstname as firstnam4_7_0_,
        user0_.active as active5_7_0_,
        user0_.last_password_update as last_pas6_7_0_,
        user0_.lastname as lastname7_7_0_,
        user0_.pwd as pwd8_7_0_,
        user0_.question_id as questio10_7_0_,
        user0_.response as response9_7_0_,
        user0_.role_id as role_id11_7_0_,
        role1_.id as id1_9_1_,
        role1_.name as name2_9_1_ 
    from
        myproject_db.user user0_ 
    inner join
        role role1_ 
            on user0_.role_id=role1_.id 
    where
        user0_.id=?
2026-05-21 14:06:10.025 [grizzly-http-server-10] DEBUG SQL.logStatement:144 - 
    select
        internship0_.id as id1_5_,
        internship0_.description as descript2_5_,
        internship0_.end_date as end_date3_5_,
        internship0_.enterprise_id as enterpri9_5_,
        internship0_.remuneration as remunera4_5_,
        internship0_.start_date as start_da5_5_,
        internship0_.status as status6_5_,
        internship0_.title as title7_5_,
        internship0_.ville as ville8_5_ 
    from
        myproject_db.internship_offer internship0_ 
    where
        internship0_.enterprise_id=?
2026-05-21 14:06:10.025 [grizzly-http-server-9] DEBUG SQL.logStatement:144 - 
    select
        enterprise0_.id as id1_3_2_,
        enterprise0_.description as descript2_3_2_,
        enterprise0_.name as name3_3_2_,
        enterprise0_.sector as sector4_3_2_,
        enterprise0_.siret as siret5_3_2_,
        enterprise0_.user_id as user_id7_3_2_,
        enterprise0_.website as website6_3_2_,
        user1_.id as id1_7_0_,
        user1_.birthdate as birthdat2_7_0_,
        user1_.email as email3_7_0_,
        user1_.firstname as firstnam4_7_0_,
        user1_.active as active5_7_0_,
        user1_.last_password_update as last_pas6_7_0_,
        user1_.lastname as lastname7_7_0_,
        user1_.pwd as pwd8_7_0_,
        user1_.question_id as questio10_7_0_,
        user1_.response as response9_7_0_,
        user1_.role_id as role_id11_7_0_,
        role2_.id as id1_9_1_,
        role2_.name as name2_9_1_ 
    from
        myproject_db.enterprise enterprise0_ 
    inner join
        myproject_db.user user1_ 
            on enterprise0_.user_id=user1_.id 
    left outer join
        role role2_ 
            on user1_.role_id=role2_.id 
    where
        enterprise0_.user_id=?
2026-05-21 14:06:10.028 [grizzly-http-server-10] DEBUG SQL.logStatement:144 - 
    select
        enterprise0_.id as id1_3_0_,
        enterprise0_.description as descript2_3_0_,
        enterprise0_.name as name3_3_0_,
        enterprise0_.sector as sector4_3_0_,
        enterprise0_.siret as siret5_3_0_,
        enterprise0_.user_id as user_id7_3_0_,
        enterprise0_.website as website6_3_0_,
        user1_.id as id1_7_1_,
        user1_.birthdate as birthdat2_7_1_,
        user1_.email as email3_7_1_,
        user1_.firstname as firstnam4_7_1_,
        user1_.active as active5_7_1_,
        user1_.last_password_update as last_pas6_7_1_,
        user1_.lastname as lastname7_7_1_,
        user1_.pwd as pwd8_7_1_,
        user1_.question_id as questio10_7_1_,
        user1_.response as response9_7_1_,
        user1_.role_id as role_id11_7_1_,
        role2_.id as id1_9_2_,
        role2_.name as name2_9_2_ 
    from
        myproject_db.enterprise enterprise0_ 
    inner join
        myproject_db.user user1_ 
            on enterprise0_.user_id=user1_.id 
    inner join
        role role2_ 
            on user1_.role_id=role2_.id 
    where
        enterprise0_.id=?
2026-05-21 14:06:10.047 [grizzly-http-server-11] DEBUG SQL.logStatement:144 - 
    select
        enterprise0_.id as id1_3_0_,
        enterprise0_.description as descript2_3_0_,
        enterprise0_.name as name3_3_0_,
        enterprise0_.sector as sector4_3_0_,
        enterprise0_.siret as siret5_3_0_,
        enterprise0_.user_id as user_id7_3_0_,
        enterprise0_.website as website6_3_0_,
        user1_.id as id1_7_1_,
        user1_.birthdate as birthdat2_7_1_,
        user1_.email as email3_7_1_,
        user1_.firstname as firstnam4_7_1_,
        user1_.active as active5_7_1_,
        user1_.last_password_update as last_pas6_7_1_,
        user1_.lastname as lastname7_7_1_,
        user1_.pwd as pwd8_7_1_,
        user1_.question_id as questio10_7_1_,
        user1_.response as response9_7_1_,
        user1_.role_id as role_id11_7_1_,
        role2_.id as id1_9_2_,
        role2_.name as name2_9_2_ 
    from
        myproject_db.enterprise enterprise0_ 
    inner join
        myproject_db.user user1_ 
            on enterprise0_.user_id=user1_.id 
    inner join
        role role2_ 
            on user1_.role_id=role2_.id 
    where
        enterprise0_.id=?
2026-05-21 14:06:10.054 [grizzly-http-server-11] DEBUG SQL.logStatement:144 - 
    select
        internship0_.id as id1_5_,
        internship0_.description as descript2_5_,
        internship0_.end_date as end_date3_5_,
        internship0_.enterprise_id as enterpri9_5_,
        internship0_.remuneration as remunera4_5_,
        internship0_.start_date as start_da5_5_,
        internship0_.status as status6_5_,
        internship0_.title as title7_5_,
        internship0_.ville as ville8_5_ 
    from
        myproject_db.internship_offer internship0_ 
    where
        internship0_.enterprise_id=?
2026-05-21 14:06:10.058 [grizzly-http-server-11] DEBUG SQL.logStatement:144 - 
    select
        enterprise0_.id as id1_3_0_,
        enterprise0_.description as descript2_3_0_,
        enterprise0_.name as name3_3_0_,
        enterprise0_.sector as sector4_3_0_,
        enterprise0_.siret as siret5_3_0_,
        enterprise0_.user_id as user_id7_3_0_,
        enterprise0_.website as website6_3_0_,
        user1_.id as id1_7_1_,
        user1_.birthdate as birthdat2_7_1_,
        user1_.email as email3_7_1_,
        user1_.firstname as firstnam4_7_1_,
        user1_.active as active5_7_1_,
        user1_.last_password_update as last_pas6_7_1_,
        user1_.lastname as lastname7_7_1_,
        user1_.pwd as pwd8_7_1_,
        user1_.question_id as questio10_7_1_,
        user1_.response as response9_7_1_,
        user1_.role_id as role_id11_7_1_,
        role2_.id as id1_9_2_,
        role2_.name as name2_9_2_ 
    from
        myproject_db.enterprise enterprise0_ 
    inner join
        myproject_db.user user1_ 
            on enterprise0_.user_id=user1_.id 
    inner join
        role role2_ 
            on user1_.role_id=role2_.id 
    where
        enterprise0_.id=?
2026-05-21 14:06:13.328 [grizzly-http-server-15] DEBUG SQL.logStatement:144 - 
    select
        enterprise0_.id as id1_3_,
        enterprise0_.description as descript2_3_,
        enterprise0_.name as name3_3_,
        enterprise0_.sector as sector4_3_,
        enterprise0_.siret as siret5_3_,
        enterprise0_.user_id as user_id7_3_,
        enterprise0_.website as website6_3_ 
    from
        myproject_db.enterprise enterprise0_ 
    where
        enterprise0_.user_id=?
2026-05-21 14:06:13.336 [grizzly-http-server-15] DEBUG SQL.logStatement:144 - 
    select
        user0_.id as id1_7_0_,
        user0_.birthdate as birthdat2_7_0_,
        user0_.email as email3_7_0_,
        user0_.firstname as firstnam4_7_0_,
        user0_.active as active5_7_0_,
        user0_.last_password_update as last_pas6_7_0_,
        user0_.lastname as lastname7_7_0_,
        user0_.pwd as pwd8_7_0_,
        user0_.question_id as questio10_7_0_,
        user0_.response as response9_7_0_,
        user0_.role_id as role_id11_7_0_,
        role1_.id as id1_9_1_,
        role1_.name as name2_9_1_ 
    from
        myproject_db.user user0_ 
    inner join
        role role1_ 
            on user0_.role_id=role1_.id 
    where
        user0_.id=?
2026-05-21 14:06:13.339 [grizzly-http-server-15] DEBUG SQL.logStatement:144 - 
    select
        enterprise0_.id as id1_3_2_,
        enterprise0_.description as descript2_3_2_,
        enterprise0_.name as name3_3_2_,
        enterprise0_.sector as sector4_3_2_,
        enterprise0_.siret as siret5_3_2_,
        enterprise0_.user_id as user_id7_3_2_,
        enterprise0_.website as website6_3_2_,
        user1_.id as id1_7_0_,
        user1_.birthdate as birthdat2_7_0_,
        user1_.email as email3_7_0_,
        user1_.firstname as firstnam4_7_0_,
        user1_.active as active5_7_0_,
        user1_.last_password_update as last_pas6_7_0_,
        user1_.lastname as lastname7_7_0_,
        user1_.pwd as pwd8_7_0_,
        user1_.question_id as questio10_7_0_,
        user1_.response as response9_7_0_,
        user1_.role_id as role_id11_7_0_,
        role2_.id as id1_9_1_,
        role2_.name as name2_9_1_ 
    from
        myproject_db.enterprise enterprise0_ 
    inner join
        myproject_db.user user1_ 
            on enterprise0_.user_id=user1_.id 
    left outer join
        role role2_ 
            on user1_.role_id=role2_.id 
    where
        enterprise0_.user_id=?
2026-05-21 14:06:13.359 [grizzly-http-server-14] DEBUG SQL.logStatement:144 - 
    select
        enterprise0_.id as id1_3_,
        enterprise0_.description as descript2_3_,
        enterprise0_.name as name3_3_,
        enterprise0_.sector as sector4_3_,
        enterprise0_.siret as siret5_3_,
        enterprise0_.user_id as user_id7_3_,
        enterprise0_.website as website6_3_ 
    from
        myproject_db.enterprise enterprise0_ 
    where
        enterprise0_.user_id=?
2026-05-21 14:06:13.362 [grizzly-http-server-16] DEBUG SQL.logStatement:144 - 
    select
        enterprise0_.id as id1_3_0_,
        enterprise0_.description as descript2_3_0_,
        enterprise0_.name as name3_3_0_,
        enterprise0_.sector as sector4_3_0_,
        enterprise0_.siret as siret5_3_0_,
        enterprise0_.user_id as user_id7_3_0_,
        enterprise0_.website as website6_3_0_,
        user1_.id as id1_7_1_,
        user1_.birthdate as birthdat2_7_1_,
        user1_.email as email3_7_1_,
        user1_.firstname as firstnam4_7_1_,
        user1_.active as active5_7_1_,
        user1_.last_password_update as last_pas6_7_1_,
        user1_.lastname as lastname7_7_1_,
        user1_.pwd as pwd8_7_1_,
        user1_.question_id as questio10_7_1_,
        user1_.response as response9_7_1_,
        user1_.role_id as role_id11_7_1_,
        role2_.id as id1_9_2_,
        role2_.name as name2_9_2_ 
    from
        myproject_db.enterprise enterprise0_ 
    inner join
        myproject_db.user user1_ 
            on enterprise0_.user_id=user1_.id 
    inner join
        role role2_ 
            on user1_.role_id=role2_.id 
    where
        enterprise0_.id=?
2026-05-21 14:06:13.363 [grizzly-http-server-14] DEBUG SQL.logStatement:144 - 
    select
        user0_.id as id1_7_0_,
        user0_.birthdate as birthdat2_7_0_,
        user0_.email as email3_7_0_,
        user0_.firstname as firstnam4_7_0_,
        user0_.active as active5_7_0_,
        user0_.last_password_update as last_pas6_7_0_,
        user0_.lastname as lastname7_7_0_,
        user0_.pwd as pwd8_7_0_,
        user0_.question_id as questio10_7_0_,
        user0_.response as response9_7_0_,
        user0_.role_id as role_id11_7_0_,
        role1_.id as id1_9_1_,
        role1_.name as name2_9_1_ 
    from
        myproject_db.user user0_ 
    inner join
        role role1_ 
            on user0_.role_id=role1_.id 
    where
        user0_.id=?
2026-05-21 14:06:13.366 [grizzly-http-server-14] DEBUG SQL.logStatement:144 - 
    select
        enterprise0_.id as id1_3_2_,
        enterprise0_.description as descript2_3_2_,
        enterprise0_.name as name3_3_2_,
        enterprise0_.sector as sector4_3_2_,
        enterprise0_.siret as siret5_3_2_,
        enterprise0_.user_id as user_id7_3_2_,
        enterprise0_.website as website6_3_2_,
        user1_.id as id1_7_0_,
        user1_.birthdate as birthdat2_7_0_,
        user1_.email as email3_7_0_,
        user1_.firstname as firstnam4_7_0_,
        user1_.active as active5_7_0_,
        user1_.last_password_update as last_pas6_7_0_,
        user1_.lastname as lastname7_7_0_,
        user1_.pwd as pwd8_7_0_,
        user1_.question_id as questio10_7_0_,
        user1_.response as response9_7_0_,
        user1_.role_id as role_id11_7_0_,
        role2_.id as id1_9_1_,
        role2_.name as name2_9_1_ 
    from
        myproject_db.enterprise enterprise0_ 
    inner join
        myproject_db.user user1_ 
            on enterprise0_.user_id=user1_.id 
    left outer join
        role role2_ 
            on user1_.role_id=role2_.id 
    where
        enterprise0_.user_id=?
2026-05-21 14:06:13.367 [grizzly-http-server-16] DEBUG SQL.logStatement:144 - 
    select
        internship0_.id as id1_5_,
        internship0_.description as descript2_5_,
        internship0_.end_date as end_date3_5_,
        internship0_.enterprise_id as enterpri9_5_,
        internship0_.remuneration as remunera4_5_,
        internship0_.start_date as start_da5_5_,
        internship0_.status as status6_5_,
        internship0_.title as title7_5_,
        internship0_.ville as ville8_5_ 
    from
        myproject_db.internship_offer internship0_ 
    where
        internship0_.enterprise_id=?
2026-05-21 14:06:13.367 [grizzly-http-server-16] DEBUG SQL.logStatement:144 - 
    select
        enterprise0_.id as id1_3_0_,
        enterprise0_.description as descript2_3_0_,
        enterprise0_.name as name3_3_0_,
        enterprise0_.sector as sector4_3_0_,
        enterprise0_.siret as siret5_3_0_,
        enterprise0_.user_id as user_id7_3_0_,
        enterprise0_.website as website6_3_0_,
        user1_.id as id1_7_1_,
        user1_.birthdate as birthdat2_7_1_,
        user1_.email as email3_7_1_,
        user1_.firstname as firstnam4_7_1_,
        user1_.active as active5_7_1_,
        user1_.last_password_update as last_pas6_7_1_,
        user1_.lastname as lastname7_7_1_,
        user1_.pwd as pwd8_7_1_,
        user1_.question_id as questio10_7_1_,
        user1_.response as response9_7_1_,
        user1_.role_id as role_id11_7_1_,
        role2_.id as id1_9_2_,
        role2_.name as name2_9_2_ 
    from
        myproject_db.enterprise enterprise0_ 
    inner join
        myproject_db.user user1_ 
            on enterprise0_.user_id=user1_.id 
    inner join
        role role2_ 
            on user1_.role_id=role2_.id 
    where
        enterprise0_.id=?
2026-05-21 14:06:13.393 [grizzly-http-server-17] DEBUG SQL.logStatement:144 - 
    select
        enterprise0_.id as id1_3_0_,
        enterprise0_.description as descript2_3_0_,
        enterprise0_.name as name3_3_0_,
        enterprise0_.sector as sector4_3_0_,
        enterprise0_.siret as siret5_3_0_,
        enterprise0_.user_id as user_id7_3_0_,
        enterprise0_.website as website6_3_0_,
        user1_.id as id1_7_1_,
        user1_.birthdate as birthdat2_7_1_,
        user1_.email as email3_7_1_,
        user1_.firstname as firstnam4_7_1_,
        user1_.active as active5_7_1_,
        user1_.last_password_update as last_pas6_7_1_,
        user1_.lastname as lastname7_7_1_,
        user1_.pwd as pwd8_7_1_,
        user1_.question_id as questio10_7_1_,
        user1_.response as response9_7_1_,
        user1_.role_id as role_id11_7_1_,
        role2_.id as id1_9_2_,
        role2_.name as name2_9_2_ 
    from
        myproject_db.enterprise enterprise0_ 
    inner join
        myproject_db.user user1_ 
            on enterprise0_.user_id=user1_.id 
    inner join
        role role2_ 
            on user1_.role_id=role2_.id 
    where
        enterprise0_.id=?
2026-05-21 14:06:13.400 [grizzly-http-server-17] DEBUG SQL.logStatement:144 - 
    select
        internship0_.id as id1_5_,
        internship0_.description as descript2_5_,
        internship0_.end_date as end_date3_5_,
        internship0_.enterprise_id as enterpri9_5_,
        internship0_.remuneration as remunera4_5_,
        internship0_.start_date as start_da5_5_,
        internship0_.status as status6_5_,
        internship0_.title as title7_5_,
        internship0_.ville as ville8_5_ 
    from
        myproject_db.internship_offer internship0_ 
    where
        internship0_.enterprise_id=?
2026-05-21 14:06:13.407 [grizzly-http-server-17] DEBUG SQL.logStatement:144 - 
    select
        enterprise0_.id as id1_3_0_,
        enterprise0_.description as descript2_3_0_,
        enterprise0_.name as name3_3_0_,
        enterprise0_.sector as sector4_3_0_,
        enterprise0_.siret as siret5_3_0_,
        enterprise0_.user_id as user_id7_3_0_,
        enterprise0_.website as website6_3_0_,
        user1_.id as id1_7_1_,
        user1_.birthdate as birthdat2_7_1_,
        user1_.email as email3_7_1_,
        user1_.firstname as firstnam4_7_1_,
        user1_.active as active5_7_1_,
        user1_.last_password_update as last_pas6_7_1_,
        user1_.lastname as lastname7_7_1_,
        user1_.pwd as pwd8_7_1_,
        user1_.question_id as questio10_7_1_,
        user1_.response as response9_7_1_,
        user1_.role_id as role_id11_7_1_,
        role2_.id as id1_9_2_,
        role2_.name as name2_9_2_ 
    from
        myproject_db.enterprise enterprise0_ 
    inner join
        myproject_db.user user1_ 
            on enterprise0_.user_id=user1_.id 
    inner join
        role role2_ 
            on user1_.role_id=role2_.id 
    where
        enterprise0_.id=?
2026-05-21 14:25:14.780 [main] INFO  Version.logVersion:44 - HHH000412: Hibernate ORM core version 5.6.15.Final
2026-05-21 14:25:15.611 [main] INFO  Version.<clinit>:56 - HCANN000001: Hibernate Commons Annotations {5.1.2.Final}
2026-05-21 14:25:15.801 [main] WARN  pooling.configure:75 - HHH10001002: Using Hibernate built-in connection pool (not for production use!)
2026-05-21 14:25:15.809 [main] INFO  pooling.buildCreator:119 - HHH10001005: using driver [com.mysql.cj.jdbc.Driver] at URL [jdbc:mysql://127.0.0.1:3306/myproject_db?useSSL=false&serverTimezone=UTC&allowPublicKeyRetrieval=true]
2026-05-21 14:25:15.809 [main] INFO  pooling.buildCreator:128 - HHH10001001: Connection properties: {password=****, user=root}
2026-05-21 14:25:15.811 [main] INFO  pooling.buildCreator:132 - HHH10001003: Autocommit mode: false
2026-05-21 14:25:15.817 [main] INFO  DriverManagerConnectionProviderImpl.<init>:322 - HHH000115: Hibernate connection pool size: 20 (min=1)
2026-05-21 14:25:16.125 [main] INFO  Dialect.<init>:175 - HHH000400: Using dialect: org.hibernate.dialect.MySQL8Dialect
2026-05-21 14:25:16.779 [main] INFO  Version.<clinit>:21 - HV000001: Hibernate Validator 6.2.5.Final
2026-05-21 14:25:17.768 [main] INFO  access.getIsolatedConnection:48 - HHH10001501: Connection obtained from JdbcConnectionAccess [org.hibernate.engine.jdbc.env.internal.JdbcEnvironmentInitiator$ConnectionProviderJdbcConnectionAccess@1320e68a] for (non-JTA) DDL execution was not in auto-commit mode; the Connection 'local transaction' will be committed and the Connection will be set into auto-commit mode.
2026-05-21 14:25:18.029 [main] INFO  JtaPlatformInitiator.initiateService:52 - HHH000490: Using JtaPlatform implementation: [org.hibernate.engine.transaction.jta.platform.internal.NoJtaPlatform]
2026-05-21 14:25:20.454 [grizzly-http-server-0] DEBUG SQL.logStatement:144 - 
    select
        enterprise0_.id as id1_3_,
        enterprise0_.description as descript2_3_,
        enterprise0_.name as name3_3_,
        enterprise0_.sector as sector4_3_,
        enterprise0_.siret as siret5_3_,
        enterprise0_.user_id as user_id7_3_,
        enterprise0_.website as website6_3_ 
    from
        myproject_db.enterprise enterprise0_ 
    where
        enterprise0_.user_id=?
2026-05-21 14:25:20.510 [grizzly-http-server-0] DEBUG SQL.logStatement:144 - 
    select
        user0_.id as id1_7_0_,
        user0_.birthdate as birthdat2_7_0_,
        user0_.email as email3_7_0_,
        user0_.firstname as firstnam4_7_0_,
        user0_.active as active5_7_0_,
        user0_.last_password_update as last_pas6_7_0_,
        user0_.lastname as lastname7_7_0_,
        user0_.pwd as pwd8_7_0_,
        user0_.question_id as questio10_7_0_,
        user0_.response as response9_7_0_,
        user0_.role_id as role_id11_7_0_,
        role1_.id as id1_9_1_,
        role1_.name as name2_9_1_ 
    from
        myproject_db.user user0_ 
    inner join
        role role1_ 
            on user0_.role_id=role1_.id 
    where
        user0_.id=?
2026-05-21 14:25:20.550 [grizzly-http-server-0] DEBUG SQL.logStatement:144 - 
    select
        enterprise0_.id as id1_3_2_,
        enterprise0_.description as descript2_3_2_,
        enterprise0_.name as name3_3_2_,
        enterprise0_.sector as sector4_3_2_,
        enterprise0_.siret as siret5_3_2_,
        enterprise0_.user_id as user_id7_3_2_,
        enterprise0_.website as website6_3_2_,
        user1_.id as id1_7_0_,
        user1_.birthdate as birthdat2_7_0_,
        user1_.email as email3_7_0_,
        user1_.firstname as firstnam4_7_0_,
        user1_.active as active5_7_0_,
        user1_.last_password_update as last_pas6_7_0_,
        user1_.lastname as lastname7_7_0_,
        user1_.pwd as pwd8_7_0_,
        user1_.question_id as questio10_7_0_,
        user1_.response as response9_7_0_,
        user1_.role_id as role_id11_7_0_,
        role2_.id as id1_9_1_,
        role2_.name as name2_9_1_ 
    from
        myproject_db.enterprise enterprise0_ 
    inner join
        myproject_db.user user1_ 
            on enterprise0_.user_id=user1_.id 
    left outer join
        role role2_ 
            on user1_.role_id=role2_.id 
    where
        enterprise0_.user_id=?
2026-05-21 14:25:20.722 [grizzly-http-server-1] DEBUG SQL.logStatement:144 - 
    select
        enterprise0_.id as id1_3_,
        enterprise0_.description as descript2_3_,
        enterprise0_.name as name3_3_,
        enterprise0_.sector as sector4_3_,
        enterprise0_.siret as siret5_3_,
        enterprise0_.user_id as user_id7_3_,
        enterprise0_.website as website6_3_ 
    from
        myproject_db.enterprise enterprise0_ 
    where
        enterprise0_.user_id=?
2026-05-21 14:25:20.726 [grizzly-http-server-1] DEBUG SQL.logStatement:144 - 
    select
        user0_.id as id1_7_0_,
        user0_.birthdate as birthdat2_7_0_,
        user0_.email as email3_7_0_,
        user0_.firstname as firstnam4_7_0_,
        user0_.active as active5_7_0_,
        user0_.last_password_update as last_pas6_7_0_,
        user0_.lastname as lastname7_7_0_,
        user0_.pwd as pwd8_7_0_,
        user0_.question_id as questio10_7_0_,
        user0_.response as response9_7_0_,
        user0_.role_id as role_id11_7_0_,
        role1_.id as id1_9_1_,
        role1_.name as name2_9_1_ 
    from
        myproject_db.user user0_ 
    inner join
        role role1_ 
            on user0_.role_id=role1_.id 
    where
        user0_.id=?
2026-05-21 14:25:20.731 [grizzly-http-server-1] DEBUG SQL.logStatement:144 - 
    select
        enterprise0_.id as id1_3_2_,
        enterprise0_.description as descript2_3_2_,
        enterprise0_.name as name3_3_2_,
        enterprise0_.sector as sector4_3_2_,
        enterprise0_.siret as siret5_3_2_,
        enterprise0_.user_id as user_id7_3_2_,
        enterprise0_.website as website6_3_2_,
        user1_.id as id1_7_0_,
        user1_.birthdate as birthdat2_7_0_,
        user1_.email as email3_7_0_,
        user1_.firstname as firstnam4_7_0_,
        user1_.active as active5_7_0_,
        user1_.last_password_update as last_pas6_7_0_,
        user1_.lastname as lastname7_7_0_,
        user1_.pwd as pwd8_7_0_,
        user1_.question_id as questio10_7_0_,
        user1_.response as response9_7_0_,
        user1_.role_id as role_id11_7_0_,
        role2_.id as id1_9_1_,
        role2_.name as name2_9_1_ 
    from
        myproject_db.enterprise enterprise0_ 
    inner join
        myproject_db.user user1_ 
            on enterprise0_.user_id=user1_.id 
    left outer join
        role role2_ 
            on user1_.role_id=role2_.id 
    where
        enterprise0_.user_id=?
2026-05-21 14:25:20.732 [grizzly-http-server-2] DEBUG SQL.logStatement:144 - 
    select
        enterprise0_.id as id1_3_0_,
        enterprise0_.description as descript2_3_0_,
        enterprise0_.name as name3_3_0_,
        enterprise0_.sector as sector4_3_0_,
        enterprise0_.siret as siret5_3_0_,
        enterprise0_.user_id as user_id7_3_0_,
        enterprise0_.website as website6_3_0_,
        user1_.id as id1_7_1_,
        user1_.birthdate as birthdat2_7_1_,
        user1_.email as email3_7_1_,
        user1_.firstname as firstnam4_7_1_,
        user1_.active as active5_7_1_,
        user1_.last_password_update as last_pas6_7_1_,
        user1_.lastname as lastname7_7_1_,
        user1_.pwd as pwd8_7_1_,
        user1_.question_id as questio10_7_1_,
        user1_.response as response9_7_1_,
        user1_.role_id as role_id11_7_1_,
        role2_.id as id1_9_2_,
        role2_.name as name2_9_2_ 
    from
        myproject_db.enterprise enterprise0_ 
    inner join
        myproject_db.user user1_ 
            on enterprise0_.user_id=user1_.id 
    inner join
        role role2_ 
            on user1_.role_id=role2_.id 
    where
        enterprise0_.id=?
2026-05-21 14:25:20.749 [grizzly-http-server-2] DEBUG SQL.logStatement:144 - 
    select
        internship0_.id as id1_5_,
        internship0_.description as descript2_5_,
        internship0_.end_date as end_date3_5_,
        internship0_.enterprise_id as enterpri9_5_,
        internship0_.remuneration as remunera4_5_,
        internship0_.start_date as start_da5_5_,
        internship0_.status as status6_5_,
        internship0_.title as title7_5_,
        internship0_.ville as ville8_5_ 
    from
        myproject_db.internship_offer internship0_ 
    where
        internship0_.enterprise_id=?
2026-05-21 14:25:20.756 [grizzly-http-server-2] DEBUG SQL.logStatement:144 - 
    select
        enterprise0_.id as id1_3_0_,
        enterprise0_.description as descript2_3_0_,
        enterprise0_.name as name3_3_0_,
        enterprise0_.sector as sector4_3_0_,
        enterprise0_.siret as siret5_3_0_,
        enterprise0_.user_id as user_id7_3_0_,
        enterprise0_.website as website6_3_0_,
        user1_.id as id1_7_1_,
        user1_.birthdate as birthdat2_7_1_,
        user1_.email as email3_7_1_,
        user1_.firstname as firstnam4_7_1_,
        user1_.active as active5_7_1_,
        user1_.last_password_update as last_pas6_7_1_,
        user1_.lastname as lastname7_7_1_,
        user1_.pwd as pwd8_7_1_,
        user1_.question_id as questio10_7_1_,
        user1_.response as response9_7_1_,
        user1_.role_id as role_id11_7_1_,
        role2_.id as id1_9_2_,
        role2_.name as name2_9_2_ 
    from
        myproject_db.enterprise enterprise0_ 
    inner join
        myproject_db.user user1_ 
            on enterprise0_.user_id=user1_.id 
    inner join
        role role2_ 
            on user1_.role_id=role2_.id 
    where
        enterprise0_.id=?
2026-05-21 14:25:20.791 [grizzly-http-server-3] DEBUG SQL.logStatement:144 - 
    select
        enterprise0_.id as id1_3_0_,
        enterprise0_.description as descript2_3_0_,
        enterprise0_.name as name3_3_0_,
        enterprise0_.sector as sector4_3_0_,
        enterprise0_.siret as siret5_3_0_,
        enterprise0_.user_id as user_id7_3_0_,
        enterprise0_.website as website6_3_0_,
        user1_.id as id1_7_1_,
        user1_.birthdate as birthdat2_7_1_,
        user1_.email as email3_7_1_,
        user1_.firstname as firstnam4_7_1_,
        user1_.active as active5_7_1_,
        user1_.last_password_update as last_pas6_7_1_,
        user1_.lastname as lastname7_7_1_,
        user1_.pwd as pwd8_7_1_,
        user1_.question_id as questio10_7_1_,
        user1_.response as response9_7_1_,
        user1_.role_id as role_id11_7_1_,
        role2_.id as id1_9_2_,
        role2_.name as name2_9_2_ 
    from
        myproject_db.enterprise enterprise0_ 
    inner join
        myproject_db.user user1_ 
            on enterprise0_.user_id=user1_.id 
    inner join
        role role2_ 
            on user1_.role_id=role2_.id 
    where
        enterprise0_.id=?
2026-05-21 14:25:20.798 [grizzly-http-server-3] DEBUG SQL.logStatement:144 - 
    select
        internship0_.id as id1_5_,
        internship0_.description as descript2_5_,
        internship0_.end_date as end_date3_5_,
        internship0_.enterprise_id as enterpri9_5_,
        internship0_.remuneration as remunera4_5_,
        internship0_.start_date as start_da5_5_,
        internship0_.status as status6_5_,
        internship0_.title as title7_5_,
        internship0_.ville as ville8_5_ 
    from
        myproject_db.internship_offer internship0_ 
    where
        internship0_.enterprise_id=?
2026-05-21 14:25:20.804 [grizzly-http-server-3] DEBUG SQL.logStatement:144 - 
    select
        enterprise0_.id as id1_3_0_,
        enterprise0_.description as descript2_3_0_,
        enterprise0_.name as name3_3_0_,
        enterprise0_.sector as sector4_3_0_,
        enterprise0_.siret as siret5_3_0_,
        enterprise0_.user_id as user_id7_3_0_,
        enterprise0_.website as website6_3_0_,
        user1_.id as id1_7_1_,
        user1_.birthdate as birthdat2_7_1_,
        user1_.email as email3_7_1_,
        user1_.firstname as firstnam4_7_1_,
        user1_.active as active5_7_1_,
        user1_.last_password_update as last_pas6_7_1_,
        user1_.lastname as lastname7_7_1_,
        user1_.pwd as pwd8_7_1_,
        user1_.question_id as questio10_7_1_,
        user1_.response as response9_7_1_,
        user1_.role_id as role_id11_7_1_,
        role2_.id as id1_9_2_,
        role2_.name as name2_9_2_ 
    from
        myproject_db.enterprise enterprise0_ 
    inner join
        myproject_db.user user1_ 
            on enterprise0_.user_id=user1_.id 
    inner join
        role role2_ 
            on user1_.role_id=role2_.id 
    where
        enterprise0_.id=?
2026-05-21 14:26:36.922 [grizzly-http-server-11] DEBUG UserService.getUserByEmail:105 - getUserByEmail email : tuteur@gmail.com
2026-05-21 14:26:36.930 [grizzly-http-server-11] DEBUG SQL.logStatement:144 - 
    select
        user0_.id as id1_7_,
        user0_.birthdate as birthdat2_7_,
        user0_.email as email3_7_,
        user0_.firstname as firstnam4_7_,
        user0_.active as active5_7_,
        user0_.last_password_update as last_pas6_7_,
        user0_.lastname as lastname7_7_,
        user0_.pwd as pwd8_7_,
        user0_.question_id as questio10_7_,
        user0_.response as response9_7_,
        user0_.role_id as role_id11_7_ 
    from
        myproject_db.user user0_ 
    where
        user0_.email=?
2026-05-21 14:26:36.935 [grizzly-http-server-11] DEBUG SQL.logStatement:144 - 
    select
        role0_.id as id1_9_0_,
        role0_.name as name2_9_0_ 
    from
        role role0_ 
    where
        role0_.id=?
2026-05-21 14:26:36.937 [grizzly-http-server-11] DEBUG SQL.logStatement:144 - 
    select
        enterprise0_.id as id1_3_2_,
        enterprise0_.description as descript2_3_2_,
        enterprise0_.name as name3_3_2_,
        enterprise0_.sector as sector4_3_2_,
        enterprise0_.siret as siret5_3_2_,
        enterprise0_.user_id as user_id7_3_2_,
        enterprise0_.website as website6_3_2_,
        user1_.id as id1_7_0_,
        user1_.birthdate as birthdat2_7_0_,
        user1_.email as email3_7_0_,
        user1_.firstname as firstnam4_7_0_,
        user1_.active as active5_7_0_,
        user1_.last_password_update as last_pas6_7_0_,
        user1_.lastname as lastname7_7_0_,
        user1_.pwd as pwd8_7_0_,
        user1_.question_id as questio10_7_0_,
        user1_.response as response9_7_0_,
        user1_.role_id as role_id11_7_0_,
        role2_.id as id1_9_1_,
        role2_.name as name2_9_1_ 
    from
        myproject_db.enterprise enterprise0_ 
    inner join
        myproject_db.user user1_ 
            on enterprise0_.user_id=user1_.id 
    left outer join
        role role2_ 
            on user1_.role_id=role2_.id 
    where
        enterprise0_.user_id=?
2026-05-21 14:26:38.153 [grizzly-http-server-12] DEBUG SQL.logStatement:144 - 
    select
        enterprise0_.id as id1_3_,
        enterprise0_.description as descript2_3_,
        enterprise0_.name as name3_3_,
        enterprise0_.sector as sector4_3_,
        enterprise0_.siret as siret5_3_,
        enterprise0_.user_id as user_id7_3_,
        enterprise0_.website as website6_3_ 
    from
        myproject_db.enterprise enterprise0_ 
    where
        enterprise0_.user_id=?
2026-05-21 14:26:38.161 [grizzly-http-server-12] DEBUG SQL.logStatement:144 - 
    select
        user0_.id as id1_7_0_,
        user0_.birthdate as birthdat2_7_0_,
        user0_.email as email3_7_0_,
        user0_.firstname as firstnam4_7_0_,
        user0_.active as active5_7_0_,
        user0_.last_password_update as last_pas6_7_0_,
        user0_.lastname as lastname7_7_0_,
        user0_.pwd as pwd8_7_0_,
        user0_.question_id as questio10_7_0_,
        user0_.response as response9_7_0_,
        user0_.role_id as role_id11_7_0_,
        role1_.id as id1_9_1_,
        role1_.name as name2_9_1_ 
    from
        myproject_db.user user0_ 
    inner join
        role role1_ 
            on user0_.role_id=role1_.id 
    where
        user0_.id=?
2026-05-21 14:26:38.166 [grizzly-http-server-12] DEBUG SQL.logStatement:144 - 
    select
        enterprise0_.id as id1_3_2_,
        enterprise0_.description as descript2_3_2_,
        enterprise0_.name as name3_3_2_,
        enterprise0_.sector as sector4_3_2_,
        enterprise0_.siret as siret5_3_2_,
        enterprise0_.user_id as user_id7_3_2_,
        enterprise0_.website as website6_3_2_,
        user1_.id as id1_7_0_,
        user1_.birthdate as birthdat2_7_0_,
        user1_.email as email3_7_0_,
        user1_.firstname as firstnam4_7_0_,
        user1_.active as active5_7_0_,
        user1_.last_password_update as last_pas6_7_0_,
        user1_.lastname as lastname7_7_0_,
        user1_.pwd as pwd8_7_0_,
        user1_.question_id as questio10_7_0_,
        user1_.response as response9_7_0_,
        user1_.role_id as role_id11_7_0_,
        role2_.id as id1_9_1_,
        role2_.name as name2_9_1_ 
    from
        myproject_db.enterprise enterprise0_ 
    inner join
        myproject_db.user user1_ 
            on enterprise0_.user_id=user1_.id 
    left outer join
        role role2_ 
            on user1_.role_id=role2_.id 
    where
        enterprise0_.user_id=?
2026-05-21 14:26:38.200 [grizzly-http-server-13] DEBUG SQL.logStatement:144 - 
    select
        enterprise0_.id as id1_3_,
        enterprise0_.description as descript2_3_,
        enterprise0_.name as name3_3_,
        enterprise0_.sector as sector4_3_,
        enterprise0_.siret as siret5_3_,
        enterprise0_.user_id as user_id7_3_,
        enterprise0_.website as website6_3_ 
    from
        myproject_db.enterprise enterprise0_ 
    where
        enterprise0_.user_id=?
2026-05-21 14:26:38.203 [grizzly-http-server-13] DEBUG SQL.logStatement:144 - 
    select
        user0_.id as id1_7_0_,
        user0_.birthdate as birthdat2_7_0_,
        user0_.email as email3_7_0_,
        user0_.firstname as firstnam4_7_0_,
        user0_.active as active5_7_0_,
        user0_.last_password_update as last_pas6_7_0_,
        user0_.lastname as lastname7_7_0_,
        user0_.pwd as pwd8_7_0_,
        user0_.question_id as questio10_7_0_,
        user0_.response as response9_7_0_,
        user0_.role_id as role_id11_7_0_,
        role1_.id as id1_9_1_,
        role1_.name as name2_9_1_ 
    from
        myproject_db.user user0_ 
    inner join
        role role1_ 
            on user0_.role_id=role1_.id 
    where
        user0_.id=?
2026-05-21 14:26:38.205 [grizzly-http-server-13] DEBUG SQL.logStatement:144 - 
    select
        enterprise0_.id as id1_3_2_,
        enterprise0_.description as descript2_3_2_,
        enterprise0_.name as name3_3_2_,
        enterprise0_.sector as sector4_3_2_,
        enterprise0_.siret as siret5_3_2_,
        enterprise0_.user_id as user_id7_3_2_,
        enterprise0_.website as website6_3_2_,
        user1_.id as id1_7_0_,
        user1_.birthdate as birthdat2_7_0_,
        user1_.email as email3_7_0_,
        user1_.firstname as firstnam4_7_0_,
        user1_.active as active5_7_0_,
        user1_.last_password_update as last_pas6_7_0_,
        user1_.lastname as lastname7_7_0_,
        user1_.pwd as pwd8_7_0_,
        user1_.question_id as questio10_7_0_,
        user1_.response as response9_7_0_,
        user1_.role_id as role_id11_7_0_,
        role2_.id as id1_9_1_,
        role2_.name as name2_9_1_ 
    from
        myproject_db.enterprise enterprise0_ 
    inner join
        myproject_db.user user1_ 
            on enterprise0_.user_id=user1_.id 
    left outer join
        role role2_ 
            on user1_.role_id=role2_.id 
    where
        enterprise0_.user_id=?
2026-05-21 14:26:38.222 [grizzly-http-server-14] DEBUG SQL.logStatement:144 - 
    select
        enterprise0_.id as id1_3_0_,
        enterprise0_.description as descript2_3_0_,
        enterprise0_.name as name3_3_0_,
        enterprise0_.sector as sector4_3_0_,
        enterprise0_.siret as siret5_3_0_,
        enterprise0_.user_id as user_id7_3_0_,
        enterprise0_.website as website6_3_0_,
        user1_.id as id1_7_1_,
        user1_.birthdate as birthdat2_7_1_,
        user1_.email as email3_7_1_,
        user1_.firstname as firstnam4_7_1_,
        user1_.active as active5_7_1_,
        user1_.last_password_update as last_pas6_7_1_,
        user1_.lastname as lastname7_7_1_,
        user1_.pwd as pwd8_7_1_,
        user1_.question_id as questio10_7_1_,
        user1_.response as response9_7_1_,
        user1_.role_id as role_id11_7_1_,
        role2_.id as id1_9_2_,
        role2_.name as name2_9_2_ 
    from
        myproject_db.enterprise enterprise0_ 
    inner join
        myproject_db.user user1_ 
            on enterprise0_.user_id=user1_.id 
    inner join
        role role2_ 
            on user1_.role_id=role2_.id 
    where
        enterprise0_.id=?
2026-05-21 14:26:38.229 [grizzly-http-server-14] DEBUG SQL.logStatement:144 - 
    select
        internship0_.id as id1_5_,
        internship0_.description as descript2_5_,
        internship0_.end_date as end_date3_5_,
        internship0_.enterprise_id as enterpri9_5_,
        internship0_.remuneration as remunera4_5_,
        internship0_.start_date as start_da5_5_,
        internship0_.status as status6_5_,
        internship0_.title as title7_5_,
        internship0_.ville as ville8_5_ 
    from
        myproject_db.internship_offer internship0_ 
    where
        internship0_.enterprise_id=?
2026-05-21 14:26:38.232 [grizzly-http-server-14] DEBUG SQL.logStatement:144 - 
    select
        enterprise0_.id as id1_3_0_,
        enterprise0_.description as descript2_3_0_,
        enterprise0_.name as name3_3_0_,
        enterprise0_.sector as sector4_3_0_,
        enterprise0_.siret as siret5_3_0_,
        enterprise0_.user_id as user_id7_3_0_,
        enterprise0_.website as website6_3_0_,
        user1_.id as id1_7_1_,
        user1_.birthdate as birthdat2_7_1_,
        user1_.email as email3_7_1_,
        user1_.firstname as firstnam4_7_1_,
        user1_.active as active5_7_1_,
        user1_.last_password_update as last_pas6_7_1_,
        user1_.lastname as lastname7_7_1_,
        user1_.pwd as pwd8_7_1_,
        user1_.question_id as questio10_7_1_,
        user1_.response as response9_7_1_,
        user1_.role_id as role_id11_7_1_,
        role2_.id as id1_9_2_,
        role2_.name as name2_9_2_ 
    from
        myproject_db.enterprise enterprise0_ 
    inner join
        myproject_db.user user1_ 
            on enterprise0_.user_id=user1_.id 
    inner join
        role role2_ 
            on user1_.role_id=role2_.id 
    where
        enterprise0_.id=?
2026-05-21 14:26:38.249 [grizzly-http-server-15] DEBUG SQL.logStatement:144 - 
    select
        enterprise0_.id as id1_3_0_,
        enterprise0_.description as descript2_3_0_,
        enterprise0_.name as name3_3_0_,
        enterprise0_.sector as sector4_3_0_,
        enterprise0_.siret as siret5_3_0_,
        enterprise0_.user_id as user_id7_3_0_,
        enterprise0_.website as website6_3_0_,
        user1_.id as id1_7_1_,
        user1_.birthdate as birthdat2_7_1_,
        user1_.email as email3_7_1_,
        user1_.firstname as firstnam4_7_1_,
        user1_.active as active5_7_1_,
        user1_.last_password_update as last_pas6_7_1_,
        user1_.lastname as lastname7_7_1_,
        user1_.pwd as pwd8_7_1_,
        user1_.question_id as questio10_7_1_,
        user1_.response as response9_7_1_,
        user1_.role_id as role_id11_7_1_,
        role2_.id as id1_9_2_,
        role2_.name as name2_9_2_ 
    from
        myproject_db.enterprise enterprise0_ 
    inner join
        myproject_db.user user1_ 
            on enterprise0_.user_id=user1_.id 
    inner join
        role role2_ 
            on user1_.role_id=role2_.id 
    where
        enterprise0_.id=?
2026-05-21 14:26:38.254 [grizzly-http-server-15] DEBUG SQL.logStatement:144 - 
    select
        internship0_.id as id1_5_,
        internship0_.description as descript2_5_,
        internship0_.end_date as end_date3_5_,
        internship0_.enterprise_id as enterpri9_5_,
        internship0_.remuneration as remunera4_5_,
        internship0_.start_date as start_da5_5_,
        internship0_.status as status6_5_,
        internship0_.title as title7_5_,
        internship0_.ville as ville8_5_ 
    from
        myproject_db.internship_offer internship0_ 
    where
        internship0_.enterprise_id=?
2026-05-21 14:26:38.257 [grizzly-http-server-15] DEBUG SQL.logStatement:144 - 
    select
        enterprise0_.id as id1_3_0_,
        enterprise0_.description as descript2_3_0_,
        enterprise0_.name as name3_3_0_,
        enterprise0_.sector as sector4_3_0_,
        enterprise0_.siret as siret5_3_0_,
        enterprise0_.user_id as user_id7_3_0_,
        enterprise0_.website as website6_3_0_,
        user1_.id as id1_7_1_,
        user1_.birthdate as birthdat2_7_1_,
        user1_.email as email3_7_1_,
        user1_.firstname as firstnam4_7_1_,
        user1_.active as active5_7_1_,
        user1_.last_password_update as last_pas6_7_1_,
        user1_.lastname as lastname7_7_1_,
        user1_.pwd as pwd8_7_1_,
        user1_.question_id as questio10_7_1_,
        user1_.response as response9_7_1_,
        user1_.role_id as role_id11_7_1_,
        role2_.id as id1_9_2_,
        role2_.name as name2_9_2_ 
    from
        myproject_db.enterprise enterprise0_ 
    inner join
        myproject_db.user user1_ 
            on enterprise0_.user_id=user1_.id 
    inner join
        role role2_ 
            on user1_.role_id=role2_.id 
    where
        enterprise0_.id=?
2026-05-21 14:26:40.369 [grizzly-http-server-16] DEBUG SQL.logStatement:144 - 
    select
        applicatio0_.id as id1_2_,
        applicatio0_.apply_date as apply_da2_2_,
        applicatio0_.motivation_letter as motivati3_2_,
        applicatio0_.offer_id as offer_id5_2_,
        applicatio0_.status as status4_2_,
        applicatio0_.student_id as student_6_2_ 
    from
        myproject_db.application applicatio0_ 
    where
        applicatio0_.offer_id=?
2026-05-21 14:26:40.369 [grizzly-http-server-17] DEBUG SQL.logStatement:144 - 
    select
        applicatio0_.id as id1_2_,
        applicatio0_.apply_date as apply_da2_2_,
        applicatio0_.motivation_letter as motivati3_2_,
        applicatio0_.offer_id as offer_id5_2_,
        applicatio0_.status as status4_2_,
        applicatio0_.student_id as student_6_2_ 
    from
        myproject_db.application applicatio0_ 
    where
        applicatio0_.offer_id=?
2026-05-21 14:26:40.377 [grizzly-http-server-17] DEBUG SQL.logStatement:144 - 
    select
        internship0_.id as id1_5_0_,
        internship0_.description as descript2_5_0_,
        internship0_.end_date as end_date3_5_0_,
        internship0_.enterprise_id as enterpri9_5_0_,
        internship0_.remuneration as remunera4_5_0_,
        internship0_.start_date as start_da5_5_0_,
        internship0_.status as status6_5_0_,
        internship0_.title as title7_5_0_,
        internship0_.ville as ville8_5_0_,
        enterprise1_.id as id1_3_1_,
        enterprise1_.description as descript2_3_1_,
        enterprise1_.name as name3_3_1_,
        enterprise1_.sector as sector4_3_1_,
        enterprise1_.siret as siret5_3_1_,
        enterprise1_.user_id as user_id7_3_1_,
        enterprise1_.website as website6_3_1_,
        user2_.id as id1_7_2_,
        user2_.birthdate as birthdat2_7_2_,
        user2_.email as email3_7_2_,
        user2_.firstname as firstnam4_7_2_,
        user2_.active as active5_7_2_,
        user2_.last_password_update as last_pas6_7_2_,
        user2_.lastname as lastname7_7_2_,
        user2_.pwd as pwd8_7_2_,
        user2_.question_id as questio10_7_2_,
        user2_.response as response9_7_2_,
        user2_.role_id as role_id11_7_2_ 
    from
        myproject_db.internship_offer internship0_ 
    inner join
        myproject_db.enterprise enterprise1_ 
            on internship0_.enterprise_id=enterprise1_.id 
    inner join
        myproject_db.user user2_ 
            on enterprise1_.user_id=user2_.id 
    where
        internship0_.id=?
2026-05-21 14:26:40.377 [grizzly-http-server-16] DEBUG SQL.logStatement:144 - 
    select
        internship0_.id as id1_5_0_,
        internship0_.description as descript2_5_0_,
        internship0_.end_date as end_date3_5_0_,
        internship0_.enterprise_id as enterpri9_5_0_,
        internship0_.remuneration as remunera4_5_0_,
        internship0_.start_date as start_da5_5_0_,
        internship0_.status as status6_5_0_,
        internship0_.title as title7_5_0_,
        internship0_.ville as ville8_5_0_,
        enterprise1_.id as id1_3_1_,
        enterprise1_.description as descript2_3_1_,
        enterprise1_.name as name3_3_1_,
        enterprise1_.sector as sector4_3_1_,
        enterprise1_.siret as siret5_3_1_,
        enterprise1_.user_id as user_id7_3_1_,
        enterprise1_.website as website6_3_1_,
        user2_.id as id1_7_2_,
        user2_.birthdate as birthdat2_7_2_,
        user2_.email as email3_7_2_,
        user2_.firstname as firstnam4_7_2_,
        user2_.active as active5_7_2_,
        user2_.last_password_update as last_pas6_7_2_,
        user2_.lastname as lastname7_7_2_,
        user2_.pwd as pwd8_7_2_,
        user2_.question_id as questio10_7_2_,
        user2_.response as response9_7_2_,
        user2_.role_id as role_id11_7_2_ 
    from
        myproject_db.internship_offer internship0_ 
    inner join
        myproject_db.enterprise enterprise1_ 
            on internship0_.enterprise_id=enterprise1_.id 
    inner join
        myproject_db.user user2_ 
            on enterprise1_.user_id=user2_.id 
    where
        internship0_.id=?
2026-05-21 14:26:40.382 [grizzly-http-server-16] DEBUG SQL.logStatement:144 - 
    select
        role0_.id as id1_9_0_,
        role0_.name as name2_9_0_ 
    from
        role role0_ 
    where
        role0_.id=?
2026-05-21 14:26:40.382 [grizzly-http-server-17] DEBUG SQL.logStatement:144 - 
    select
        role0_.id as id1_9_0_,
        role0_.name as name2_9_0_ 
    from
        role role0_ 
    where
        role0_.id=?
2026-05-21 14:26:40.385 [grizzly-http-server-16] DEBUG SQL.logStatement:144 - 
    select
        user0_.id as id1_7_0_,
        user0_.birthdate as birthdat2_7_0_,
        user0_.email as email3_7_0_,
        user0_.firstname as firstnam4_7_0_,
        user0_.active as active5_7_0_,
        user0_.last_password_update as last_pas6_7_0_,
        user0_.lastname as lastname7_7_0_,
        user0_.pwd as pwd8_7_0_,
        user0_.question_id as questio10_7_0_,
        user0_.response as response9_7_0_,
        user0_.role_id as role_id11_7_0_,
        role1_.id as id1_9_1_,
        role1_.name as name2_9_1_ 
    from
        myproject_db.user user0_ 
    inner join
        role role1_ 
            on user0_.role_id=role1_.id 
    where
        user0_.id=?
2026-05-21 14:26:40.386 [grizzly-http-server-17] DEBUG SQL.logStatement:144 - 
    select
        user0_.id as id1_7_0_,
        user0_.birthdate as birthdat2_7_0_,
        user0_.email as email3_7_0_,
        user0_.firstname as firstnam4_7_0_,
        user0_.active as active5_7_0_,
        user0_.last_password_update as last_pas6_7_0_,
        user0_.lastname as lastname7_7_0_,
        user0_.pwd as pwd8_7_0_,
        user0_.question_id as questio10_7_0_,
        user0_.response as response9_7_0_,
        user0_.role_id as role_id11_7_0_,
        role1_.id as id1_9_1_,
        role1_.name as name2_9_1_ 
    from
        myproject_db.user user0_ 
    inner join
        role role1_ 
            on user0_.role_id=role1_.id 
    where
        user0_.id=?
2026-05-21 14:26:40.388 [grizzly-http-server-16] DEBUG SQL.logStatement:144 - 
    select
        enterprise0_.id as id1_3_2_,
        enterprise0_.description as descript2_3_2_,
        enterprise0_.name as name3_3_2_,
        enterprise0_.sector as sector4_3_2_,
        enterprise0_.siret as siret5_3_2_,
        enterprise0_.user_id as user_id7_3_2_,
        enterprise0_.website as website6_3_2_,
        user1_.id as id1_7_0_,
        user1_.birthdate as birthdat2_7_0_,
        user1_.email as email3_7_0_,
        user1_.firstname as firstnam4_7_0_,
        user1_.active as active5_7_0_,
        user1_.last_password_update as last_pas6_7_0_,
        user1_.lastname as lastname7_7_0_,
        user1_.pwd as pwd8_7_0_,
        user1_.question_id as questio10_7_0_,
        user1_.response as response9_7_0_,
        user1_.role_id as role_id11_7_0_,
        role2_.id as id1_9_1_,
        role2_.name as name2_9_1_ 
    from
        myproject_db.enterprise enterprise0_ 
    inner join
        myproject_db.user user1_ 
            on enterprise0_.user_id=user1_.id 
    left outer join
        role role2_ 
            on user1_.role_id=role2_.id 
    where
        enterprise0_.user_id=?
2026-05-21 14:26:40.389 [grizzly-http-server-17] DEBUG SQL.logStatement:144 - 
    select
        enterprise0_.id as id1_3_2_,
        enterprise0_.description as descript2_3_2_,
        enterprise0_.name as name3_3_2_,
        enterprise0_.sector as sector4_3_2_,
        enterprise0_.siret as siret5_3_2_,
        enterprise0_.user_id as user_id7_3_2_,
        enterprise0_.website as website6_3_2_,
        user1_.id as id1_7_0_,
        user1_.birthdate as birthdat2_7_0_,
        user1_.email as email3_7_0_,
        user1_.firstname as firstnam4_7_0_,
        user1_.active as active5_7_0_,
        user1_.last_password_update as last_pas6_7_0_,
        user1_.lastname as lastname7_7_0_,
        user1_.pwd as pwd8_7_0_,
        user1_.question_id as questio10_7_0_,
        user1_.response as response9_7_0_,
        user1_.role_id as role_id11_7_0_,
        role2_.id as id1_9_1_,
        role2_.name as name2_9_1_ 
    from
        myproject_db.enterprise enterprise0_ 
    inner join
        myproject_db.user user1_ 
            on enterprise0_.user_id=user1_.id 
    left outer join
        role role2_ 
            on user1_.role_id=role2_.id 
    where
        enterprise0_.user_id=?
2026-05-21 14:26:40.390 [grizzly-http-server-16] DEBUG SQL.logStatement:144 - 
    select
        user0_.id as id1_7_0_,
        user0_.birthdate as birthdat2_7_0_,
        user0_.email as email3_7_0_,
        user0_.firstname as firstnam4_7_0_,
        user0_.active as active5_7_0_,
        user0_.last_password_update as last_pas6_7_0_,
        user0_.lastname as lastname7_7_0_,
        user0_.pwd as pwd8_7_0_,
        user0_.question_id as questio10_7_0_,
        user0_.response as response9_7_0_,
        user0_.role_id as role_id11_7_0_,
        role1_.id as id1_9_1_,
        role1_.name as name2_9_1_ 
    from
        myproject_db.user user0_ 
    inner join
        role role1_ 
            on user0_.role_id=role1_.id 
    where
        user0_.id=?
2026-05-21 14:26:40.391 [grizzly-http-server-17] DEBUG SQL.logStatement:144 - 
    select
        user0_.id as id1_7_0_,
        user0_.birthdate as birthdat2_7_0_,
        user0_.email as email3_7_0_,
        user0_.firstname as firstnam4_7_0_,
        user0_.active as active5_7_0_,
        user0_.last_password_update as last_pas6_7_0_,
        user0_.lastname as lastname7_7_0_,
        user0_.pwd as pwd8_7_0_,
        user0_.question_id as questio10_7_0_,
        user0_.response as response9_7_0_,
        user0_.role_id as role_id11_7_0_,
        role1_.id as id1_9_1_,
        role1_.name as name2_9_1_ 
    from
        myproject_db.user user0_ 
    inner join
        role role1_ 
            on user0_.role_id=role1_.id 
    where
        user0_.id=?
2026-05-21 14:26:40.393 [grizzly-http-server-17] DEBUG SQL.logStatement:144 - 
    select
        enterprise0_.id as id1_3_2_,
        enterprise0_.description as descript2_3_2_,
        enterprise0_.name as name3_3_2_,
        enterprise0_.sector as sector4_3_2_,
        enterprise0_.siret as siret5_3_2_,
        enterprise0_.user_id as user_id7_3_2_,
        enterprise0_.website as website6_3_2_,
        user1_.id as id1_7_0_,
        user1_.birthdate as birthdat2_7_0_,
        user1_.email as email3_7_0_,
        user1_.firstname as firstnam4_7_0_,
        user1_.active as active5_7_0_,
        user1_.last_password_update as last_pas6_7_0_,
        user1_.lastname as lastname7_7_0_,
        user1_.pwd as pwd8_7_0_,
        user1_.question_id as questio10_7_0_,
        user1_.response as response9_7_0_,
        user1_.role_id as role_id11_7_0_,
        role2_.id as id1_9_1_,
        role2_.name as name2_9_1_ 
    from
        myproject_db.enterprise enterprise0_ 
    inner join
        myproject_db.user user1_ 
            on enterprise0_.user_id=user1_.id 
    left outer join
        role role2_ 
            on user1_.role_id=role2_.id 
    where
        enterprise0_.user_id=?
2026-05-21 14:26:40.393 [grizzly-http-server-16] DEBUG SQL.logStatement:144 - 
    select
        enterprise0_.id as id1_3_2_,
        enterprise0_.description as descript2_3_2_,
        enterprise0_.name as name3_3_2_,
        enterprise0_.sector as sector4_3_2_,
        enterprise0_.siret as siret5_3_2_,
        enterprise0_.user_id as user_id7_3_2_,
        enterprise0_.website as website6_3_2_,
        user1_.id as id1_7_0_,
        user1_.birthdate as birthdat2_7_0_,
        user1_.email as email3_7_0_,
        user1_.firstname as firstnam4_7_0_,
        user1_.active as active5_7_0_,
        user1_.last_password_update as last_pas6_7_0_,
        user1_.lastname as lastname7_7_0_,
        user1_.pwd as pwd8_7_0_,
        user1_.question_id as questio10_7_0_,
        user1_.response as response9_7_0_,
        user1_.role_id as role_id11_7_0_,
        role2_.id as id1_9_1_,
        role2_.name as name2_9_1_ 
    from
        myproject_db.enterprise enterprise0_ 
    inner join
        myproject_db.user user1_ 
            on enterprise0_.user_id=user1_.id 
    left outer join
        role role2_ 
            on user1_.role_id=role2_.id 
    where
        enterprise0_.user_id=?
2026-05-21 14:26:45.099 [grizzly-http-server-19] DEBUG SQL.logStatement:144 - 
    select
        applicatio0_.id as id1_2_0_,
        applicatio0_.apply_date as apply_da2_2_0_,
        applicatio0_.motivation_letter as motivati3_2_0_,
        applicatio0_.offer_id as offer_id5_2_0_,
        applicatio0_.status as status4_2_0_,
        applicatio0_.student_id as student_6_2_0_,
        internship1_.id as id1_5_1_,
        internship1_.description as descript2_5_1_,
        internship1_.end_date as end_date3_5_1_,
        internship1_.enterprise_id as enterpri9_5_1_,
        internship1_.remuneration as remunera4_5_1_,
        internship1_.start_date as start_da5_5_1_,
        internship1_.status as status6_5_1_,
        internship1_.title as title7_5_1_,
        internship1_.ville as ville8_5_1_,
        enterprise2_.id as id1_3_2_,
        enterprise2_.description as descript2_3_2_,
        enterprise2_.name as name3_3_2_,
        enterprise2_.sector as sector4_3_2_,
        enterprise2_.siret as siret5_3_2_,
        enterprise2_.user_id as user_id7_3_2_,
        enterprise2_.website as website6_3_2_,
        user3_.id as id1_7_3_,
        user3_.birthdate as birthdat2_7_3_,
        user3_.email as email3_7_3_,
        user3_.firstname as firstnam4_7_3_,
        user3_.active as active5_7_3_,
        user3_.last_password_update as last_pas6_7_3_,
        user3_.lastname as lastname7_7_3_,
        user3_.pwd as pwd8_7_3_,
        user3_.question_id as questio10_7_3_,
        user3_.response as response9_7_3_,
        user3_.role_id as role_id11_7_3_,
        role4_.id as id1_9_4_,
        role4_.name as name2_9_4_ 
    from
        myproject_db.application applicatio0_ 
    inner join
        myproject_db.internship_offer internship1_ 
            on applicatio0_.offer_id=internship1_.id 
    inner join
        myproject_db.enterprise enterprise2_ 
            on internship1_.enterprise_id=enterprise2_.id 
    inner join
        myproject_db.user user3_ 
            on applicatio0_.student_id=user3_.id 
    inner join
        role role4_ 
            on user3_.role_id=role4_.id 
    where
        applicatio0_.id=?
2026-05-21 14:26:45.107 [grizzly-http-server-19] DEBUG SQL.logStatement:144 - 
    select
        user0_.id as id1_7_0_,
        user0_.birthdate as birthdat2_7_0_,
        user0_.email as email3_7_0_,
        user0_.firstname as firstnam4_7_0_,
        user0_.active as active5_7_0_,
        user0_.last_password_update as last_pas6_7_0_,
        user0_.lastname as lastname7_7_0_,
        user0_.pwd as pwd8_7_0_,
        user0_.question_id as questio10_7_0_,
        user0_.response as response9_7_0_,
        user0_.role_id as role_id11_7_0_,
        role1_.id as id1_9_1_,
        role1_.name as name2_9_1_ 
    from
        myproject_db.user user0_ 
    inner join
        role role1_ 
            on user0_.role_id=role1_.id 
    where
        user0_.id=?
2026-05-21 14:26:45.111 [grizzly-http-server-19] DEBUG SQL.logStatement:144 - 
    select
        enterprise0_.id as id1_3_2_,
        enterprise0_.description as descript2_3_2_,
        enterprise0_.name as name3_3_2_,
        enterprise0_.sector as sector4_3_2_,
        enterprise0_.siret as siret5_3_2_,
        enterprise0_.user_id as user_id7_3_2_,
        enterprise0_.website as website6_3_2_,
        user1_.id as id1_7_0_,
        user1_.birthdate as birthdat2_7_0_,
        user1_.email as email3_7_0_,
        user1_.firstname as firstnam4_7_0_,
        user1_.active as active5_7_0_,
        user1_.last_password_update as last_pas6_7_0_,
        user1_.lastname as lastname7_7_0_,
        user1_.pwd as pwd8_7_0_,
        user1_.question_id as questio10_7_0_,
        user1_.response as response9_7_0_,
        user1_.role_id as role_id11_7_0_,
        role2_.id as id1_9_1_,
        role2_.name as name2_9_1_ 
    from
        myproject_db.enterprise enterprise0_ 
    inner join
        myproject_db.user user1_ 
            on enterprise0_.user_id=user1_.id 
    left outer join
        role role2_ 
            on user1_.role_id=role2_.id 
    where
        enterprise0_.user_id=?
2026-05-21 14:26:45.114 [grizzly-http-server-19] DEBUG SQL.logStatement:144 - 
    select
        enterprise0_.id as id1_3_2_,
        enterprise0_.description as descript2_3_2_,
        enterprise0_.name as name3_3_2_,
        enterprise0_.sector as sector4_3_2_,
        enterprise0_.siret as siret5_3_2_,
        enterprise0_.user_id as user_id7_3_2_,
        enterprise0_.website as website6_3_2_,
        user1_.id as id1_7_0_,
        user1_.birthdate as birthdat2_7_0_,
        user1_.email as email3_7_0_,
        user1_.firstname as firstnam4_7_0_,
        user1_.active as active5_7_0_,
        user1_.last_password_update as last_pas6_7_0_,
        user1_.lastname as lastname7_7_0_,
        user1_.pwd as pwd8_7_0_,
        user1_.question_id as questio10_7_0_,
        user1_.response as response9_7_0_,
        user1_.role_id as role_id11_7_0_,
        role2_.id as id1_9_1_,
        role2_.name as name2_9_1_ 
    from
        myproject_db.enterprise enterprise0_ 
    inner join
        myproject_db.user user1_ 
            on enterprise0_.user_id=user1_.id 
    left outer join
        role role2_ 
            on user1_.role_id=role2_.id 
    where
        enterprise0_.user_id=?
2026-05-21 14:26:45.118 [grizzly-http-server-19] DEBUG SQL.logStatement:144 - 
    select
        applicatio0_.id as id1_2_,
        applicatio0_.apply_date as apply_da2_2_,
        applicatio0_.motivation_letter as motivati3_2_,
        applicatio0_.offer_id as offer_id5_2_,
        applicatio0_.status as status4_2_,
        applicatio0_.student_id as student_6_2_ 
    from
        myproject_db.application applicatio0_ 
    where
        applicatio0_.offer_id=?
2026-05-21 14:26:45.122 [grizzly-http-server-19] DEBUG SQL.logStatement:144 - 
    select
        internship0_.id as id1_5_0_,
        internship0_.description as descript2_5_0_,
        internship0_.end_date as end_date3_5_0_,
        internship0_.enterprise_id as enterpri9_5_0_,
        internship0_.remuneration as remunera4_5_0_,
        internship0_.start_date as start_da5_5_0_,
        internship0_.status as status6_5_0_,
        internship0_.title as title7_5_0_,
        internship0_.ville as ville8_5_0_,
        enterprise1_.id as id1_3_1_,
        enterprise1_.description as descript2_3_1_,
        enterprise1_.name as name3_3_1_,
        enterprise1_.sector as sector4_3_1_,
        enterprise1_.siret as siret5_3_1_,
        enterprise1_.user_id as user_id7_3_1_,
        enterprise1_.website as website6_3_1_,
        user2_.id as id1_7_2_,
        user2_.birthdate as birthdat2_7_2_,
        user2_.email as email3_7_2_,
        user2_.firstname as firstnam4_7_2_,
        user2_.active as active5_7_2_,
        user2_.last_password_update as last_pas6_7_2_,
        user2_.lastname as lastname7_7_2_,
        user2_.pwd as pwd8_7_2_,
        user2_.question_id as questio10_7_2_,
        user2_.response as response9_7_2_,
        user2_.role_id as role_id11_7_2_ 
    from
        myproject_db.internship_offer internship0_ 
    inner join
        myproject_db.enterprise enterprise1_ 
            on internship0_.enterprise_id=enterprise1_.id 
    inner join
        myproject_db.user user2_ 
            on enterprise1_.user_id=user2_.id 
    where
        internship0_.id=?
2026-05-21 14:26:45.125 [grizzly-http-server-19] DEBUG SQL.logStatement:144 - 
    select
        role0_.id as id1_9_0_,
        role0_.name as name2_9_0_ 
    from
        role role0_ 
    where
        role0_.id=?
2026-05-21 14:26:45.127 [grizzly-http-server-19] DEBUG SQL.logStatement:144 - 
    select
        user0_.id as id1_7_0_,
        user0_.birthdate as birthdat2_7_0_,
        user0_.email as email3_7_0_,
        user0_.firstname as firstnam4_7_0_,
        user0_.active as active5_7_0_,
        user0_.last_password_update as last_pas6_7_0_,
        user0_.lastname as lastname7_7_0_,
        user0_.pwd as pwd8_7_0_,
        user0_.question_id as questio10_7_0_,
        user0_.response as response9_7_0_,
        user0_.role_id as role_id11_7_0_,
        role1_.id as id1_9_1_,
        role1_.name as name2_9_1_ 
    from
        myproject_db.user user0_ 
    inner join
        role role1_ 
            on user0_.role_id=role1_.id 
    where
        user0_.id=?
2026-05-21 14:26:45.131 [grizzly-http-server-19] DEBUG SQL.logStatement:144 - 
    select
        enterprise0_.id as id1_3_2_,
        enterprise0_.description as descript2_3_2_,
        enterprise0_.name as name3_3_2_,
        enterprise0_.sector as sector4_3_2_,
        enterprise0_.siret as siret5_3_2_,
        enterprise0_.user_id as user_id7_3_2_,
        enterprise0_.website as website6_3_2_,
        user1_.id as id1_7_0_,
        user1_.birthdate as birthdat2_7_0_,
        user1_.email as email3_7_0_,
        user1_.firstname as firstnam4_7_0_,
        user1_.active as active5_7_0_,
        user1_.last_password_update as last_pas6_7_0_,
        user1_.lastname as lastname7_7_0_,
        user1_.pwd as pwd8_7_0_,
        user1_.question_id as questio10_7_0_,
        user1_.response as response9_7_0_,
        user1_.role_id as role_id11_7_0_,
        role2_.id as id1_9_1_,
        role2_.name as name2_9_1_ 
    from
        myproject_db.enterprise enterprise0_ 
    inner join
        myproject_db.user user1_ 
            on enterprise0_.user_id=user1_.id 
    left outer join
        role role2_ 
            on user1_.role_id=role2_.id 
    where
        enterprise0_.user_id=?
2026-05-21 14:26:45.133 [grizzly-http-server-19] DEBUG SQL.logStatement:144 - 
    select
        user0_.id as id1_7_0_,
        user0_.birthdate as birthdat2_7_0_,
        user0_.email as email3_7_0_,
        user0_.firstname as firstnam4_7_0_,
        user0_.active as active5_7_0_,
        user0_.last_password_update as last_pas6_7_0_,
        user0_.lastname as lastname7_7_0_,
        user0_.pwd as pwd8_7_0_,
        user0_.question_id as questio10_7_0_,
        user0_.response as response9_7_0_,
        user0_.role_id as role_id11_7_0_,
        role1_.id as id1_9_1_,
        role1_.name as name2_9_1_ 
    from
        myproject_db.user user0_ 
    inner join
        role role1_ 
            on user0_.role_id=role1_.id 
    where
        user0_.id=?
2026-05-21 14:26:45.135 [grizzly-http-server-19] DEBUG SQL.logStatement:144 - 
    select
        enterprise0_.id as id1_3_2_,
        enterprise0_.description as descript2_3_2_,
        enterprise0_.name as name3_3_2_,
        enterprise0_.sector as sector4_3_2_,
        enterprise0_.siret as siret5_3_2_,
        enterprise0_.user_id as user_id7_3_2_,
        enterprise0_.website as website6_3_2_,
        user1_.id as id1_7_0_,
        user1_.birthdate as birthdat2_7_0_,
        user1_.email as email3_7_0_,
        user1_.firstname as firstnam4_7_0_,
        user1_.active as active5_7_0_,
        user1_.last_password_update as last_pas6_7_0_,
        user1_.lastname as lastname7_7_0_,
        user1_.pwd as pwd8_7_0_,
        user1_.question_id as questio10_7_0_,
        user1_.response as response9_7_0_,
        user1_.role_id as role_id11_7_0_,
        role2_.id as id1_9_1_,
        role2_.name as name2_9_1_ 
    from
        myproject_db.enterprise enterprise0_ 
    inner join
        myproject_db.user user1_ 
            on enterprise0_.user_id=user1_.id 
    left outer join
        role role2_ 
            on user1_.role_id=role2_.id 
    where
        enterprise0_.user_id=?
2026-05-21 14:26:45.156 [grizzly-http-server-19] DEBUG SQL.logStatement:144 - 
    select
        applicatio0_.id as id1_2_0_,
        applicatio0_.apply_date as apply_da2_2_0_,
        applicatio0_.motivation_letter as motivati3_2_0_,
        applicatio0_.offer_id as offer_id5_2_0_,
        applicatio0_.status as status4_2_0_,
        applicatio0_.student_id as student_6_2_0_ 
    from
        myproject_db.application applicatio0_ 
    where
        applicatio0_.id=?
2026-05-21 14:26:45.159 [grizzly-http-server-19] DEBUG SQL.logStatement:144 - 
    select
        internship0_.id as id1_5_0_,
        internship0_.description as descript2_5_0_,
        internship0_.end_date as end_date3_5_0_,
        internship0_.enterprise_id as enterpri9_5_0_,
        internship0_.remuneration as remunera4_5_0_,
        internship0_.start_date as start_da5_5_0_,
        internship0_.status as status6_5_0_,
        internship0_.title as title7_5_0_,
        internship0_.ville as ville8_5_0_ 
    from
        myproject_db.internship_offer internship0_ 
    where
        internship0_.id=?
2026-05-21 14:26:45.161 [grizzly-http-server-19] DEBUG SQL.logStatement:144 - 
    select
        enterprise0_.id as id1_3_0_,
        enterprise0_.description as descript2_3_0_,
        enterprise0_.name as name3_3_0_,
        enterprise0_.sector as sector4_3_0_,
        enterprise0_.siret as siret5_3_0_,
        enterprise0_.user_id as user_id7_3_0_,
        enterprise0_.website as website6_3_0_ 
    from
        myproject_db.enterprise enterprise0_ 
    where
        enterprise0_.id=?
2026-05-21 14:26:45.165 [grizzly-http-server-19] DEBUG SQL.logStatement:144 - 
    select
        user0_.id as id1_7_2_,
        user0_.birthdate as birthdat2_7_2_,
        user0_.email as email3_7_2_,
        user0_.firstname as firstnam4_7_2_,
        user0_.active as active5_7_2_,
        user0_.last_password_update as last_pas6_7_2_,
        user0_.lastname as lastname7_7_2_,
        user0_.pwd as pwd8_7_2_,
        user0_.question_id as questio10_7_2_,
        user0_.response as response9_7_2_,
        user0_.role_id as role_id11_7_2_,
        addresses1_.user_id as user_id8_0_4_,
        addresses1_.id as id1_0_4_,
        addresses1_.id as id1_0_0_,
        addresses1_.city as city2_0_0_,
        addresses1_.country as country3_0_0_,
        addresses1_.number as number4_0_0_,
        addresses1_.postal_code as postal_c5_0_0_,
        addresses1_.street as street6_0_0_,
        addresses1_.type_street as type_str7_0_0_,
        addresses1_.user_id as user_id8_0_0_,
        enterprise2_.id as id1_3_1_,
        enterprise2_.description as descript2_3_1_,
        enterprise2_.name as name3_3_1_,
        enterprise2_.sector as sector4_3_1_,
        enterprise2_.siret as siret5_3_1_,
        enterprise2_.user_id as user_id7_3_1_,
        enterprise2_.website as website6_3_1_ 
    from
        myproject_db.user user0_ 
    left outer join
        myproject_db.address addresses1_ 
            on user0_.id=addresses1_.user_id 
    left outer join
        myproject_db.enterprise enterprise2_ 
            on user0_.id=enterprise2_.user_id 
    where
        user0_.id=?
2026-05-21 14:26:45.171 [grizzly-http-server-19] DEBUG SQL.logStatement:144 - 
    select
        role0_.id as id1_9_0_,
        role0_.name as name2_9_0_ 
    from
        role role0_ 
    where
        role0_.id=?
2026-05-21 14:26:45.174 [grizzly-http-server-19] DEBUG SQL.logStatement:144 - 
    select
        enterprise0_.id as id1_3_2_,
        enterprise0_.description as descript2_3_2_,
        enterprise0_.name as name3_3_2_,
        enterprise0_.sector as sector4_3_2_,
        enterprise0_.siret as siret5_3_2_,
        enterprise0_.user_id as user_id7_3_2_,
        enterprise0_.website as website6_3_2_,
        user1_.id as id1_7_0_,
        user1_.birthdate as birthdat2_7_0_,
        user1_.email as email3_7_0_,
        user1_.firstname as firstnam4_7_0_,
        user1_.active as active5_7_0_,
        user1_.last_password_update as last_pas6_7_0_,
        user1_.lastname as lastname7_7_0_,
        user1_.pwd as pwd8_7_0_,
        user1_.question_id as questio10_7_0_,
        user1_.response as response9_7_0_,
        user1_.role_id as role_id11_7_0_,
        role2_.id as id1_9_1_,
        role2_.name as name2_9_1_ 
    from
        myproject_db.enterprise enterprise0_ 
    inner join
        myproject_db.user user1_ 
            on enterprise0_.user_id=user1_.id 
    left outer join
        role role2_ 
            on user1_.role_id=role2_.id 
    where
        enterprise0_.user_id=?
2026-05-21 14:26:45.177 [grizzly-http-server-19] DEBUG SQL.logStatement:144 - 
    select
        user0_.id as id1_7_2_,
        user0_.birthdate as birthdat2_7_2_,
        user0_.email as email3_7_2_,
        user0_.firstname as firstnam4_7_2_,
        user0_.active as active5_7_2_,
        user0_.last_password_update as last_pas6_7_2_,
        user0_.lastname as lastname7_7_2_,
        user0_.pwd as pwd8_7_2_,
        user0_.question_id as questio10_7_2_,
        user0_.response as response9_7_2_,
        user0_.role_id as role_id11_7_2_,
        addresses1_.user_id as user_id8_0_4_,
        addresses1_.id as id1_0_4_,
        addresses1_.id as id1_0_0_,
        addresses1_.city as city2_0_0_,
        addresses1_.country as country3_0_0_,
        addresses1_.number as number4_0_0_,
        addresses1_.postal_code as postal_c5_0_0_,
        addresses1_.street as street6_0_0_,
        addresses1_.type_street as type_str7_0_0_,
        addresses1_.user_id as user_id8_0_0_,
        enterprise2_.id as id1_3_1_,
        enterprise2_.description as descript2_3_1_,
        enterprise2_.name as name3_3_1_,
        enterprise2_.sector as sector4_3_1_,
        enterprise2_.siret as siret5_3_1_,
        enterprise2_.user_id as user_id7_3_1_,
        enterprise2_.website as website6_3_1_ 
    from
        myproject_db.user user0_ 
    left outer join
        myproject_db.address addresses1_ 
            on user0_.id=addresses1_.user_id 
    left outer join
        myproject_db.enterprise enterprise2_ 
            on user0_.id=enterprise2_.user_id 
    where
        user0_.id=?
2026-05-21 14:26:45.182 [grizzly-http-server-19] DEBUG SQL.logStatement:144 - 
    select
        role0_.id as id1_9_0_,
        role0_.name as name2_9_0_ 
    from
        role role0_ 
    where
        role0_.id=?
2026-05-21 14:26:45.210 [grizzly-http-server-19] DEBUG SQL.logStatement:144 - 
    select
        internship0_.id as id1_4_,
        internship0_.application_id as applicat9_4_,
        internship0_.convention_status as conventi2_4_,
        internship0_.dateDebut as datedebu3_4_,
        internship0_.dateFin as datefin4_4_,
        internship0_.estValide as estvalid5_4_,
        internship0_.missions as missions6_4_,
        internship0_.note_finale as note_fin7_4_,
        internship0_.prof_id as prof_id10_4_,
        internship0_.rapport_tuteur as rapport_8_4_ 
    from
        myproject_db.internship internship0_ 
    where
        internship0_.application_id=?
2026-05-21 15:01:28.473 [main] INFO  Version.logVersion:44 - HHH000412: Hibernate ORM core version 5.6.15.Final
2026-05-21 15:01:29.567 [main] INFO  Version.<clinit>:56 - HCANN000001: Hibernate Commons Annotations {5.1.2.Final}
2026-05-21 15:01:29.791 [main] WARN  pooling.configure:75 - HHH10001002: Using Hibernate built-in connection pool (not for production use!)
2026-05-21 15:01:29.805 [main] INFO  pooling.buildCreator:119 - HHH10001005: using driver [com.mysql.cj.jdbc.Driver] at URL [jdbc:mysql://127.0.0.1:3306/myproject_db?useSSL=false&serverTimezone=UTC&allowPublicKeyRetrieval=true]
2026-05-21 15:01:29.806 [main] INFO  pooling.buildCreator:128 - HHH10001001: Connection properties: {password=****, user=root}
2026-05-21 15:01:29.807 [main] INFO  pooling.buildCreator:132 - HHH10001003: Autocommit mode: false
2026-05-21 15:01:29.815 [main] INFO  DriverManagerConnectionProviderImpl.<init>:322 - HHH000115: Hibernate connection pool size: 20 (min=1)
2026-05-21 15:01:30.205 [main] INFO  Dialect.<init>:175 - HHH000400: Using dialect: org.hibernate.dialect.MySQL8Dialect
2026-05-21 15:01:31.058 [main] INFO  Version.<clinit>:21 - HV000001: Hibernate Validator 6.2.5.Final
2026-05-21 15:01:32.246 [main] INFO  access.getIsolatedConnection:48 - HHH10001501: Connection obtained from JdbcConnectionAccess [org.hibernate.engine.jdbc.env.internal.JdbcEnvironmentInitiator$ConnectionProviderJdbcConnectionAccess@12d40609] for (non-JTA) DDL execution was not in auto-commit mode; the Connection 'local transaction' will be committed and the Connection will be set into auto-commit mode.
2026-05-21 15:01:32.561 [main] INFO  JtaPlatformInitiator.initiateService:52 - HHH000490: Using JtaPlatform implementation: [org.hibernate.engine.transaction.jta.platform.internal.NoJtaPlatform]
2026-05-21 15:01:41.016 [grizzly-http-server-3] DEBUG UserService.getUserByEmail:90 - getUserByEmail email : tuteur@gmail.com
2026-05-21 15:01:41.054 [grizzly-http-server-3] DEBUG SQL.logStatement:144 - 
    select
        user0_.id as id1_7_,
        user0_.birthdate as birthdat2_7_,
        user0_.email as email3_7_,
        user0_.firstname as firstnam4_7_,
        user0_.active as active5_7_,
        user0_.last_password_update as last_pas6_7_,
        user0_.lastname as lastname7_7_,
        user0_.pwd as pwd8_7_,
        user0_.question_id as questio10_7_,
        user0_.response as response9_7_,
        user0_.role_id as role_id11_7_ 
    from
        myproject_db.user user0_ 
    where
        user0_.email=?
2026-05-21 15:01:41.118 [grizzly-http-server-3] DEBUG SQL.logStatement:144 - 
    select
        role0_.id as id1_9_0_,
        role0_.name as name2_9_0_ 
    from
        role role0_ 
    where
        role0_.id=?
2026-05-21 15:01:41.138 [grizzly-http-server-3] DEBUG SQL.logStatement:144 - 
    select
        enterprise0_.id as id1_3_2_,
        enterprise0_.description as descript2_3_2_,
        enterprise0_.name as name3_3_2_,
        enterprise0_.sector as sector4_3_2_,
        enterprise0_.siret as siret5_3_2_,
        enterprise0_.user_id as user_id7_3_2_,
        enterprise0_.website as website6_3_2_,
        user1_.id as id1_7_0_,
        user1_.birthdate as birthdat2_7_0_,
        user1_.email as email3_7_0_,
        user1_.firstname as firstnam4_7_0_,
        user1_.active as active5_7_0_,
        user1_.last_password_update as last_pas6_7_0_,
        user1_.lastname as lastname7_7_0_,
        user1_.pwd as pwd8_7_0_,
        user1_.question_id as questio10_7_0_,
        user1_.response as response9_7_0_,
        user1_.role_id as role_id11_7_0_,
        role2_.id as id1_9_1_,
        role2_.name as name2_9_1_ 
    from
        myproject_db.enterprise enterprise0_ 
    inner join
        myproject_db.user user1_ 
            on enterprise0_.user_id=user1_.id 
    left outer join
        role role2_ 
            on user1_.role_id=role2_.id 
    where
        enterprise0_.user_id=?
2026-05-21 15:01:42.428 [grizzly-http-server-4] DEBUG SQL.logStatement:144 - 
    select
        enterprise0_.id as id1_3_,
        enterprise0_.description as descript2_3_,
        enterprise0_.name as name3_3_,
        enterprise0_.sector as sector4_3_,
        enterprise0_.siret as siret5_3_,
        enterprise0_.user_id as user_id7_3_,
        enterprise0_.website as website6_3_ 
    from
        myproject_db.enterprise enterprise0_ 
    where
        enterprise0_.user_id=?
2026-05-21 15:01:42.434 [grizzly-http-server-4] DEBUG SQL.logStatement:144 - 
    select
        user0_.id as id1_7_0_,
        user0_.birthdate as birthdat2_7_0_,
        user0_.email as email3_7_0_,
        user0_.firstname as firstnam4_7_0_,
        user0_.active as active5_7_0_,
        user0_.last_password_update as last_pas6_7_0_,
        user0_.lastname as lastname7_7_0_,
        user0_.pwd as pwd8_7_0_,
        user0_.question_id as questio10_7_0_,
        user0_.response as response9_7_0_,
        user0_.role_id as role_id11_7_0_,
        role1_.id as id1_9_1_,
        role1_.name as name2_9_1_ 
    from
        myproject_db.user user0_ 
    inner join
        role role1_ 
            on user0_.role_id=role1_.id 
    where
        user0_.id=?
2026-05-21 15:01:42.438 [grizzly-http-server-4] DEBUG SQL.logStatement:144 - 
    select
        enterprise0_.id as id1_3_2_,
        enterprise0_.description as descript2_3_2_,
        enterprise0_.name as name3_3_2_,
        enterprise0_.sector as sector4_3_2_,
        enterprise0_.siret as siret5_3_2_,
        enterprise0_.user_id as user_id7_3_2_,
        enterprise0_.website as website6_3_2_,
        user1_.id as id1_7_0_,
        user1_.birthdate as birthdat2_7_0_,
        user1_.email as email3_7_0_,
        user1_.firstname as firstnam4_7_0_,
        user1_.active as active5_7_0_,
        user1_.last_password_update as last_pas6_7_0_,
        user1_.lastname as lastname7_7_0_,
        user1_.pwd as pwd8_7_0_,
        user1_.question_id as questio10_7_0_,
        user1_.response as response9_7_0_,
        user1_.role_id as role_id11_7_0_,
        role2_.id as id1_9_1_,
        role2_.name as name2_9_1_ 
    from
        myproject_db.enterprise enterprise0_ 
    inner join
        myproject_db.user user1_ 
            on enterprise0_.user_id=user1_.id 
    left outer join
        role role2_ 
            on user1_.role_id=role2_.id 
    where
        enterprise0_.user_id=?
2026-05-21 15:01:42.455 [grizzly-http-server-5] DEBUG SQL.logStatement:144 - 
    select
        enterprise0_.id as id1_3_,
        enterprise0_.description as descript2_3_,
        enterprise0_.name as name3_3_,
        enterprise0_.sector as sector4_3_,
        enterprise0_.siret as siret5_3_,
        enterprise0_.user_id as user_id7_3_,
        enterprise0_.website as website6_3_ 
    from
        myproject_db.enterprise enterprise0_ 
    where
        enterprise0_.user_id=?
2026-05-21 15:01:42.457 [grizzly-http-server-5] DEBUG SQL.logStatement:144 - 
    select
        user0_.id as id1_7_0_,
        user0_.birthdate as birthdat2_7_0_,
        user0_.email as email3_7_0_,
        user0_.firstname as firstnam4_7_0_,
        user0_.active as active5_7_0_,
        user0_.last_password_update as last_pas6_7_0_,
        user0_.lastname as lastname7_7_0_,
        user0_.pwd as pwd8_7_0_,
        user0_.question_id as questio10_7_0_,
        user0_.response as response9_7_0_,
        user0_.role_id as role_id11_7_0_,
        role1_.id as id1_9_1_,
        role1_.name as name2_9_1_ 
    from
        myproject_db.user user0_ 
    inner join
        role role1_ 
            on user0_.role_id=role1_.id 
    where
        user0_.id=?
2026-05-21 15:01:42.461 [grizzly-http-server-5] DEBUG SQL.logStatement:144 - 
    select
        enterprise0_.id as id1_3_2_,
        enterprise0_.description as descript2_3_2_,
        enterprise0_.name as name3_3_2_,
        enterprise0_.sector as sector4_3_2_,
        enterprise0_.siret as siret5_3_2_,
        enterprise0_.user_id as user_id7_3_2_,
        enterprise0_.website as website6_3_2_,
        user1_.id as id1_7_0_,
        user1_.birthdate as birthdat2_7_0_,
        user1_.email as email3_7_0_,
        user1_.firstname as firstnam4_7_0_,
        user1_.active as active5_7_0_,
        user1_.last_password_update as last_pas6_7_0_,
        user1_.lastname as lastname7_7_0_,
        user1_.pwd as pwd8_7_0_,
        user1_.question_id as questio10_7_0_,
        user1_.response as response9_7_0_,
        user1_.role_id as role_id11_7_0_,
        role2_.id as id1_9_1_,
        role2_.name as name2_9_1_ 
    from
        myproject_db.enterprise enterprise0_ 
    inner join
        myproject_db.user user1_ 
            on enterprise0_.user_id=user1_.id 
    left outer join
        role role2_ 
            on user1_.role_id=role2_.id 
    where
        enterprise0_.user_id=?
2026-05-21 15:01:42.467 [grizzly-http-server-6] DEBUG SQL.logStatement:144 - 
    select
        enterprise0_.id as id1_3_0_,
        enterprise0_.description as descript2_3_0_,
        enterprise0_.name as name3_3_0_,
        enterprise0_.sector as sector4_3_0_,
        enterprise0_.siret as siret5_3_0_,
        enterprise0_.user_id as user_id7_3_0_,
        enterprise0_.website as website6_3_0_,
        user1_.id as id1_7_1_,
        user1_.birthdate as birthdat2_7_1_,
        user1_.email as email3_7_1_,
        user1_.firstname as firstnam4_7_1_,
        user1_.active as active5_7_1_,
        user1_.last_password_update as last_pas6_7_1_,
        user1_.lastname as lastname7_7_1_,
        user1_.pwd as pwd8_7_1_,
        user1_.question_id as questio10_7_1_,
        user1_.response as response9_7_1_,
        user1_.role_id as role_id11_7_1_,
        role2_.id as id1_9_2_,
        role2_.name as name2_9_2_ 
    from
        myproject_db.enterprise enterprise0_ 
    inner join
        myproject_db.user user1_ 
            on enterprise0_.user_id=user1_.id 
    inner join
        role role2_ 
            on user1_.role_id=role2_.id 
    where
        enterprise0_.id=?
2026-05-21 15:01:42.477 [grizzly-http-server-6] DEBUG SQL.logStatement:144 - 
    select
        internship0_.id as id1_5_,
        internship0_.description as descript2_5_,
        internship0_.end_date as end_date3_5_,
        internship0_.enterprise_id as enterpri9_5_,
        internship0_.remuneration as remunera4_5_,
        internship0_.start_date as start_da5_5_,
        internship0_.status as status6_5_,
        internship0_.title as title7_5_,
        internship0_.ville as ville8_5_ 
    from
        myproject_db.internship_offer internship0_ 
    where
        internship0_.enterprise_id=?
2026-05-21 15:01:42.482 [grizzly-http-server-6] DEBUG SQL.logStatement:144 - 
    select
        enterprise0_.id as id1_3_0_,
        enterprise0_.description as descript2_3_0_,
        enterprise0_.name as name3_3_0_,
        enterprise0_.sector as sector4_3_0_,
        enterprise0_.siret as siret5_3_0_,
        enterprise0_.user_id as user_id7_3_0_,
        enterprise0_.website as website6_3_0_,
        user1_.id as id1_7_1_,
        user1_.birthdate as birthdat2_7_1_,
        user1_.email as email3_7_1_,
        user1_.firstname as firstnam4_7_1_,
        user1_.active as active5_7_1_,
        user1_.last_password_update as last_pas6_7_1_,
        user1_.lastname as lastname7_7_1_,
        user1_.pwd as pwd8_7_1_,
        user1_.question_id as questio10_7_1_,
        user1_.response as response9_7_1_,
        user1_.role_id as role_id11_7_1_,
        role2_.id as id1_9_2_,
        role2_.name as name2_9_2_ 
    from
        myproject_db.enterprise enterprise0_ 
    inner join
        myproject_db.user user1_ 
            on enterprise0_.user_id=user1_.id 
    inner join
        role role2_ 
            on user1_.role_id=role2_.id 
    where
        enterprise0_.id=?
2026-05-21 15:01:42.503 [grizzly-http-server-7] DEBUG SQL.logStatement:144 - 
    select
        enterprise0_.id as id1_3_0_,
        enterprise0_.description as descript2_3_0_,
        enterprise0_.name as name3_3_0_,
        enterprise0_.sector as sector4_3_0_,
        enterprise0_.siret as siret5_3_0_,
        enterprise0_.user_id as user_id7_3_0_,
        enterprise0_.website as website6_3_0_,
        user1_.id as id1_7_1_,
        user1_.birthdate as birthdat2_7_1_,
        user1_.email as email3_7_1_,
        user1_.firstname as firstnam4_7_1_,
        user1_.active as active5_7_1_,
        user1_.last_password_update as last_pas6_7_1_,
        user1_.lastname as lastname7_7_1_,
        user1_.pwd as pwd8_7_1_,
        user1_.question_id as questio10_7_1_,
        user1_.response as response9_7_1_,
        user1_.role_id as role_id11_7_1_,
        role2_.id as id1_9_2_,
        role2_.name as name2_9_2_ 
    from
        myproject_db.enterprise enterprise0_ 
    inner join
        myproject_db.user user1_ 
            on enterprise0_.user_id=user1_.id 
    inner join
        role role2_ 
            on user1_.role_id=role2_.id 
    where
        enterprise0_.id=?
2026-05-21 15:01:42.509 [grizzly-http-server-7] DEBUG SQL.logStatement:144 - 
    select
        internship0_.id as id1_5_,
        internship0_.description as descript2_5_,
        internship0_.end_date as end_date3_5_,
        internship0_.enterprise_id as enterpri9_5_,
        internship0_.remuneration as remunera4_5_,
        internship0_.start_date as start_da5_5_,
        internship0_.status as status6_5_,
        internship0_.title as title7_5_,
        internship0_.ville as ville8_5_ 
    from
        myproject_db.internship_offer internship0_ 
    where
        internship0_.enterprise_id=?
2026-05-21 15:01:42.512 [grizzly-http-server-7] DEBUG SQL.logStatement:144 - 
    select
        enterprise0_.id as id1_3_0_,
        enterprise0_.description as descript2_3_0_,
        enterprise0_.name as name3_3_0_,
        enterprise0_.sector as sector4_3_0_,
        enterprise0_.siret as siret5_3_0_,
        enterprise0_.user_id as user_id7_3_0_,
        enterprise0_.website as website6_3_0_,
        user1_.id as id1_7_1_,
        user1_.birthdate as birthdat2_7_1_,
        user1_.email as email3_7_1_,
        user1_.firstname as firstnam4_7_1_,
        user1_.active as active5_7_1_,
        user1_.last_password_update as last_pas6_7_1_,
        user1_.lastname as lastname7_7_1_,
        user1_.pwd as pwd8_7_1_,
        user1_.question_id as questio10_7_1_,
        user1_.response as response9_7_1_,
        user1_.role_id as role_id11_7_1_,
        role2_.id as id1_9_2_,
        role2_.name as name2_9_2_ 
    from
        myproject_db.enterprise enterprise0_ 
    inner join
        myproject_db.user user1_ 
            on enterprise0_.user_id=user1_.id 
    inner join
        role role2_ 
            on user1_.role_id=role2_.id 
    where
        enterprise0_.id=?
2026-05-21 15:01:44.548 [grizzly-http-server-8] DEBUG SQL.logStatement:144 - 
    select
        applicatio0_.id as id1_2_0_,
        internship1_.id as id1_5_1_,
        applicatio0_.apply_date as apply_da2_2_0_,
        applicatio0_.motivation_letter as motivati3_2_0_,
        applicatio0_.offer_id as offer_id5_2_0_,
        applicatio0_.status as status4_2_0_,
        applicatio0_.student_id as student_6_2_0_,
        internship1_.description as descript2_5_1_,
        internship1_.end_date as end_date3_5_1_,
        internship1_.enterprise_id as enterpri9_5_1_,
        internship1_.remuneration as remunera4_5_1_,
        internship1_.start_date as start_da5_5_1_,
        internship1_.status as status6_5_1_,
        internship1_.title as title7_5_1_,
        internship1_.ville as ville8_5_1_ 
    from
        myproject_db.application applicatio0_ 
    inner join
        myproject_db.internship_offer internship1_ 
            on applicatio0_.offer_id=internship1_.id 
    where
        applicatio0_.offer_id=?
2026-05-21 15:01:44.548 [grizzly-http-server-9] DEBUG SQL.logStatement:144 - 
    select
        applicatio0_.id as id1_2_0_,
        internship1_.id as id1_5_1_,
        applicatio0_.apply_date as apply_da2_2_0_,
        applicatio0_.motivation_letter as motivati3_2_0_,
        applicatio0_.offer_id as offer_id5_2_0_,
        applicatio0_.status as status4_2_0_,
        applicatio0_.student_id as student_6_2_0_,
        internship1_.description as descript2_5_1_,
        internship1_.end_date as end_date3_5_1_,
        internship1_.enterprise_id as enterpri9_5_1_,
        internship1_.remuneration as remunera4_5_1_,
        internship1_.start_date as start_da5_5_1_,
        internship1_.status as status6_5_1_,
        internship1_.title as title7_5_1_,
        internship1_.ville as ville8_5_1_ 
    from
        myproject_db.application applicatio0_ 
    inner join
        myproject_db.internship_offer internship1_ 
            on applicatio0_.offer_id=internship1_.id 
    where
        applicatio0_.offer_id=?
2026-05-21 15:01:44.556 [grizzly-http-server-9] DEBUG SQL.logStatement:144 - 
    select
        user0_.id as id1_7_0_,
        user0_.birthdate as birthdat2_7_0_,
        user0_.email as email3_7_0_,
        user0_.firstname as firstnam4_7_0_,
        user0_.active as active5_7_0_,
        user0_.last_password_update as last_pas6_7_0_,
        user0_.lastname as lastname7_7_0_,
        user0_.pwd as pwd8_7_0_,
        user0_.question_id as questio10_7_0_,
        user0_.response as response9_7_0_,
        user0_.role_id as role_id11_7_0_,
        role1_.id as id1_9_1_,
        role1_.name as name2_9_1_ 
    from
        myproject_db.user user0_ 
    inner join
        role role1_ 
            on user0_.role_id=role1_.id 
    where
        user0_.id=?
2026-05-21 15:01:44.560 [grizzly-http-server-9] DEBUG SQL.logStatement:144 - 
    select
        enterprise0_.id as id1_3_2_,
        enterprise0_.description as descript2_3_2_,
        enterprise0_.name as name3_3_2_,
        enterprise0_.sector as sector4_3_2_,
        enterprise0_.siret as siret5_3_2_,
        enterprise0_.user_id as user_id7_3_2_,
        enterprise0_.website as website6_3_2_,
        user1_.id as id1_7_0_,
        user1_.birthdate as birthdat2_7_0_,
        user1_.email as email3_7_0_,
        user1_.firstname as firstnam4_7_0_,
        user1_.active as active5_7_0_,
        user1_.last_password_update as last_pas6_7_0_,
        user1_.lastname as lastname7_7_0_,
        user1_.pwd as pwd8_7_0_,
        user1_.question_id as questio10_7_0_,
        user1_.response as response9_7_0_,
        user1_.role_id as role_id11_7_0_,
        role2_.id as id1_9_1_,
        role2_.name as name2_9_1_ 
    from
        myproject_db.enterprise enterprise0_ 
    inner join
        myproject_db.user user1_ 
            on enterprise0_.user_id=user1_.id 
    left outer join
        role role2_ 
            on user1_.role_id=role2_.id 
    where
        enterprise0_.user_id=?
2026-05-21 15:01:44.564 [grizzly-http-server-8] DEBUG SQL.logStatement:144 - 
    select
        user0_.id as id1_7_0_,
        user0_.birthdate as birthdat2_7_0_,
        user0_.email as email3_7_0_,
        user0_.firstname as firstnam4_7_0_,
        user0_.active as active5_7_0_,
        user0_.last_password_update as last_pas6_7_0_,
        user0_.lastname as lastname7_7_0_,
        user0_.pwd as pwd8_7_0_,
        user0_.question_id as questio10_7_0_,
        user0_.response as response9_7_0_,
        user0_.role_id as role_id11_7_0_,
        role1_.id as id1_9_1_,
        role1_.name as name2_9_1_ 
    from
        myproject_db.user user0_ 
    inner join
        role role1_ 
            on user0_.role_id=role1_.id 
    where
        user0_.id=?
2026-05-21 15:01:44.564 [grizzly-http-server-9] DEBUG SQL.logStatement:144 - 
    select
        enterprise0_.id as id1_3_0_,
        enterprise0_.description as descript2_3_0_,
        enterprise0_.name as name3_3_0_,
        enterprise0_.sector as sector4_3_0_,
        enterprise0_.siret as siret5_3_0_,
        enterprise0_.user_id as user_id7_3_0_,
        enterprise0_.website as website6_3_0_,
        user1_.id as id1_7_1_,
        user1_.birthdate as birthdat2_7_1_,
        user1_.email as email3_7_1_,
        user1_.firstname as firstnam4_7_1_,
        user1_.active as active5_7_1_,
        user1_.last_password_update as last_pas6_7_1_,
        user1_.lastname as lastname7_7_1_,
        user1_.pwd as pwd8_7_1_,
        user1_.question_id as questio10_7_1_,
        user1_.response as response9_7_1_,
        user1_.role_id as role_id11_7_1_,
        role2_.id as id1_9_2_,
        role2_.name as name2_9_2_ 
    from
        myproject_db.enterprise enterprise0_ 
    inner join
        myproject_db.user user1_ 
            on enterprise0_.user_id=user1_.id 
    inner join
        role role2_ 
            on user1_.role_id=role2_.id 
    where
        enterprise0_.id=?
2026-05-21 15:01:44.567 [grizzly-http-server-8] DEBUG SQL.logStatement:144 - 
    select
        enterprise0_.id as id1_3_2_,
        enterprise0_.description as descript2_3_2_,
        enterprise0_.name as name3_3_2_,
        enterprise0_.sector as sector4_3_2_,
        enterprise0_.siret as siret5_3_2_,
        enterprise0_.user_id as user_id7_3_2_,
        enterprise0_.website as website6_3_2_,
        user1_.id as id1_7_0_,
        user1_.birthdate as birthdat2_7_0_,
        user1_.email as email3_7_0_,
        user1_.firstname as firstnam4_7_0_,
        user1_.active as active5_7_0_,
        user1_.last_password_update as last_pas6_7_0_,
        user1_.lastname as lastname7_7_0_,
        user1_.pwd as pwd8_7_0_,
        user1_.question_id as questio10_7_0_,
        user1_.response as response9_7_0_,
        user1_.role_id as role_id11_7_0_,
        role2_.id as id1_9_1_,
        role2_.name as name2_9_1_ 
    from
        myproject_db.enterprise enterprise0_ 
    inner join
        myproject_db.user user1_ 
            on enterprise0_.user_id=user1_.id 
    left outer join
        role role2_ 
            on user1_.role_id=role2_.id 
    where
        enterprise0_.user_id=?
2026-05-21 15:01:44.569 [grizzly-http-server-9] DEBUG SQL.logStatement:144 - 
    select
        user0_.id as id1_7_0_,
        user0_.birthdate as birthdat2_7_0_,
        user0_.email as email3_7_0_,
        user0_.firstname as firstnam4_7_0_,
        user0_.active as active5_7_0_,
        user0_.last_password_update as last_pas6_7_0_,
        user0_.lastname as lastname7_7_0_,
        user0_.pwd as pwd8_7_0_,
        user0_.question_id as questio10_7_0_,
        user0_.response as response9_7_0_,
        user0_.role_id as role_id11_7_0_,
        role1_.id as id1_9_1_,
        role1_.name as name2_9_1_ 
    from
        myproject_db.user user0_ 
    inner join
        role role1_ 
            on user0_.role_id=role1_.id 
    where
        user0_.id=?
2026-05-21 15:01:44.571 [grizzly-http-server-8] DEBUG SQL.logStatement:144 - 
    select
        enterprise0_.id as id1_3_0_,
        enterprise0_.description as descript2_3_0_,
        enterprise0_.name as name3_3_0_,
        enterprise0_.sector as sector4_3_0_,
        enterprise0_.siret as siret5_3_0_,
        enterprise0_.user_id as user_id7_3_0_,
        enterprise0_.website as website6_3_0_,
        user1_.id as id1_7_1_,
        user1_.birthdate as birthdat2_7_1_,
        user1_.email as email3_7_1_,
        user1_.firstname as firstnam4_7_1_,
        user1_.active as active5_7_1_,
        user1_.last_password_update as last_pas6_7_1_,
        user1_.lastname as lastname7_7_1_,
        user1_.pwd as pwd8_7_1_,
        user1_.question_id as questio10_7_1_,
        user1_.response as response9_7_1_,
        user1_.role_id as role_id11_7_1_,
        role2_.id as id1_9_2_,
        role2_.name as name2_9_2_ 
    from
        myproject_db.enterprise enterprise0_ 
    inner join
        myproject_db.user user1_ 
            on enterprise0_.user_id=user1_.id 
    inner join
        role role2_ 
            on user1_.role_id=role2_.id 
    where
        enterprise0_.id=?
2026-05-21 15:01:44.572 [grizzly-http-server-9] DEBUG SQL.logStatement:144 - 
    select
        enterprise0_.id as id1_3_2_,
        enterprise0_.description as descript2_3_2_,
        enterprise0_.name as name3_3_2_,
        enterprise0_.sector as sector4_3_2_,
        enterprise0_.siret as siret5_3_2_,
        enterprise0_.user_id as user_id7_3_2_,
        enterprise0_.website as website6_3_2_,
        user1_.id as id1_7_0_,
        user1_.birthdate as birthdat2_7_0_,
        user1_.email as email3_7_0_,
        user1_.firstname as firstnam4_7_0_,
        user1_.active as active5_7_0_,
        user1_.last_password_update as last_pas6_7_0_,
        user1_.lastname as lastname7_7_0_,
        user1_.pwd as pwd8_7_0_,
        user1_.question_id as questio10_7_0_,
        user1_.response as response9_7_0_,
        user1_.role_id as role_id11_7_0_,
        role2_.id as id1_9_1_,
        role2_.name as name2_9_1_ 
    from
        myproject_db.enterprise enterprise0_ 
    inner join
        myproject_db.user user1_ 
            on enterprise0_.user_id=user1_.id 
    left outer join
        role role2_ 
            on user1_.role_id=role2_.id 
    where
        enterprise0_.user_id=?
2026-05-21 15:01:44.575 [grizzly-http-server-8] DEBUG SQL.logStatement:144 - 
    select
        user0_.id as id1_7_0_,
        user0_.birthdate as birthdat2_7_0_,
        user0_.email as email3_7_0_,
        user0_.firstname as firstnam4_7_0_,
        user0_.active as active5_7_0_,
        user0_.last_password_update as last_pas6_7_0_,
        user0_.lastname as lastname7_7_0_,
        user0_.pwd as pwd8_7_0_,
        user0_.question_id as questio10_7_0_,
        user0_.response as response9_7_0_,
        user0_.role_id as role_id11_7_0_,
        role1_.id as id1_9_1_,
        role1_.name as name2_9_1_ 
    from
        myproject_db.user user0_ 
    inner join
        role role1_ 
            on user0_.role_id=role1_.id 
    where
        user0_.id=?
2026-05-21 15:01:44.579 [grizzly-http-server-8] DEBUG SQL.logStatement:144 - 
    select
        enterprise0_.id as id1_3_2_,
        enterprise0_.description as descript2_3_2_,
        enterprise0_.name as name3_3_2_,
        enterprise0_.sector as sector4_3_2_,
        enterprise0_.siret as siret5_3_2_,
        enterprise0_.user_id as user_id7_3_2_,
        enterprise0_.website as website6_3_2_,
        user1_.id as id1_7_0_,
        user1_.birthdate as birthdat2_7_0_,
        user1_.email as email3_7_0_,
        user1_.firstname as firstnam4_7_0_,
        user1_.active as active5_7_0_,
        user1_.last_password_update as last_pas6_7_0_,
        user1_.lastname as lastname7_7_0_,
        user1_.pwd as pwd8_7_0_,
        user1_.question_id as questio10_7_0_,
        user1_.response as response9_7_0_,
        user1_.role_id as role_id11_7_0_,
        role2_.id as id1_9_1_,
        role2_.name as name2_9_1_ 
    from
        myproject_db.enterprise enterprise0_ 
    inner join
        myproject_db.user user1_ 
            on enterprise0_.user_id=user1_.id 
    left outer join
        role role2_ 
            on user1_.role_id=role2_.id 
    where
        enterprise0_.user_id=?
2026-05-21 15:01:50.969 [grizzly-http-server-11] DEBUG SQL.logStatement:144 - 
    select
        applicatio0_.id as id1_2_0_,
        applicatio0_.apply_date as apply_da2_2_0_,
        applicatio0_.motivation_letter as motivati3_2_0_,
        applicatio0_.offer_id as offer_id5_2_0_,
        applicatio0_.status as status4_2_0_,
        applicatio0_.student_id as student_6_2_0_,
        internship1_.id as id1_5_1_,
        internship1_.description as descript2_5_1_,
        internship1_.end_date as end_date3_5_1_,
        internship1_.enterprise_id as enterpri9_5_1_,
        internship1_.remuneration as remunera4_5_1_,
        internship1_.start_date as start_da5_5_1_,
        internship1_.status as status6_5_1_,
        internship1_.title as title7_5_1_,
        internship1_.ville as ville8_5_1_,
        enterprise2_.id as id1_3_2_,
        enterprise2_.description as descript2_3_2_,
        enterprise2_.name as name3_3_2_,
        enterprise2_.sector as sector4_3_2_,
        enterprise2_.siret as siret5_3_2_,
        enterprise2_.user_id as user_id7_3_2_,
        enterprise2_.website as website6_3_2_,
        user3_.id as id1_7_3_,
        user3_.birthdate as birthdat2_7_3_,
        user3_.email as email3_7_3_,
        user3_.firstname as firstnam4_7_3_,
        user3_.active as active5_7_3_,
        user3_.last_password_update as last_pas6_7_3_,
        user3_.lastname as lastname7_7_3_,
        user3_.pwd as pwd8_7_3_,
        user3_.question_id as questio10_7_3_,
        user3_.response as response9_7_3_,
        user3_.role_id as role_id11_7_3_,
        role4_.id as id1_9_4_,
        role4_.name as name2_9_4_ 
    from
        myproject_db.application applicatio0_ 
    inner join
        myproject_db.internship_offer internship1_ 
            on applicatio0_.offer_id=internship1_.id 
    inner join
        myproject_db.enterprise enterprise2_ 
            on internship1_.enterprise_id=enterprise2_.id 
    inner join
        myproject_db.user user3_ 
            on applicatio0_.student_id=user3_.id 
    inner join
        role role4_ 
            on user3_.role_id=role4_.id 
    where
        applicatio0_.id=?
2026-05-21 15:01:50.981 [grizzly-http-server-11] DEBUG SQL.logStatement:144 - 
    select
        user0_.id as id1_7_0_,
        user0_.birthdate as birthdat2_7_0_,
        user0_.email as email3_7_0_,
        user0_.firstname as firstnam4_7_0_,
        user0_.active as active5_7_0_,
        user0_.last_password_update as last_pas6_7_0_,
        user0_.lastname as lastname7_7_0_,
        user0_.pwd as pwd8_7_0_,
        user0_.question_id as questio10_7_0_,
        user0_.response as response9_7_0_,
        user0_.role_id as role_id11_7_0_,
        role1_.id as id1_9_1_,
        role1_.name as name2_9_1_ 
    from
        myproject_db.user user0_ 
    inner join
        role role1_ 
            on user0_.role_id=role1_.id 
    where
        user0_.id=?
2026-05-21 15:01:50.985 [grizzly-http-server-11] DEBUG SQL.logStatement:144 - 
    select
        enterprise0_.id as id1_3_2_,
        enterprise0_.description as descript2_3_2_,
        enterprise0_.name as name3_3_2_,
        enterprise0_.sector as sector4_3_2_,
        enterprise0_.siret as siret5_3_2_,
        enterprise0_.user_id as user_id7_3_2_,
        enterprise0_.website as website6_3_2_,
        user1_.id as id1_7_0_,
        user1_.birthdate as birthdat2_7_0_,
        user1_.email as email3_7_0_,
        user1_.firstname as firstnam4_7_0_,
        user1_.active as active5_7_0_,
        user1_.last_password_update as last_pas6_7_0_,
        user1_.lastname as lastname7_7_0_,
        user1_.pwd as pwd8_7_0_,
        user1_.question_id as questio10_7_0_,
        user1_.response as response9_7_0_,
        user1_.role_id as role_id11_7_0_,
        role2_.id as id1_9_1_,
        role2_.name as name2_9_1_ 
    from
        myproject_db.enterprise enterprise0_ 
    inner join
        myproject_db.user user1_ 
            on enterprise0_.user_id=user1_.id 
    left outer join
        role role2_ 
            on user1_.role_id=role2_.id 
    where
        enterprise0_.user_id=?
2026-05-21 15:01:50.989 [grizzly-http-server-11] DEBUG SQL.logStatement:144 - 
    select
        enterprise0_.id as id1_3_2_,
        enterprise0_.description as descript2_3_2_,
        enterprise0_.name as name3_3_2_,
        enterprise0_.sector as sector4_3_2_,
        enterprise0_.siret as siret5_3_2_,
        enterprise0_.user_id as user_id7_3_2_,
        enterprise0_.website as website6_3_2_,
        user1_.id as id1_7_0_,
        user1_.birthdate as birthdat2_7_0_,
        user1_.email as email3_7_0_,
        user1_.firstname as firstnam4_7_0_,
        user1_.active as active5_7_0_,
        user1_.last_password_update as last_pas6_7_0_,
        user1_.lastname as lastname7_7_0_,
        user1_.pwd as pwd8_7_0_,
        user1_.question_id as questio10_7_0_,
        user1_.response as response9_7_0_,
        user1_.role_id as role_id11_7_0_,
        role2_.id as id1_9_1_,
        role2_.name as name2_9_1_ 
    from
        myproject_db.enterprise enterprise0_ 
    inner join
        myproject_db.user user1_ 
            on enterprise0_.user_id=user1_.id 
    left outer join
        role role2_ 
            on user1_.role_id=role2_.id 
    where
        enterprise0_.user_id=?
2026-05-21 15:01:50.995 [grizzly-http-server-11] DEBUG SQL.logStatement:144 - 
    select
        applicatio0_.id as id1_2_0_,
        internship1_.id as id1_5_1_,
        applicatio0_.apply_date as apply_da2_2_0_,
        applicatio0_.motivation_letter as motivati3_2_0_,
        applicatio0_.offer_id as offer_id5_2_0_,
        applicatio0_.status as status4_2_0_,
        applicatio0_.student_id as student_6_2_0_,
        internship1_.description as descript2_5_1_,
        internship1_.end_date as end_date3_5_1_,
        internship1_.enterprise_id as enterpri9_5_1_,
        internship1_.remuneration as remunera4_5_1_,
        internship1_.start_date as start_da5_5_1_,
        internship1_.status as status6_5_1_,
        internship1_.title as title7_5_1_,
        internship1_.ville as ville8_5_1_ 
    from
        myproject_db.application applicatio0_ 
    inner join
        myproject_db.internship_offer internship1_ 
            on applicatio0_.offer_id=internship1_.id 
    where
        applicatio0_.offer_id=?
2026-05-21 15:01:51.000 [grizzly-http-server-11] DEBUG SQL.logStatement:144 - 
    select
        user0_.id as id1_7_0_,
        user0_.birthdate as birthdat2_7_0_,
        user0_.email as email3_7_0_,
        user0_.firstname as firstnam4_7_0_,
        user0_.active as active5_7_0_,
        user0_.last_password_update as last_pas6_7_0_,
        user0_.lastname as lastname7_7_0_,
        user0_.pwd as pwd8_7_0_,
        user0_.question_id as questio10_7_0_,
        user0_.response as response9_7_0_,
        user0_.role_id as role_id11_7_0_,
        role1_.id as id1_9_1_,
        role1_.name as name2_9_1_ 
    from
        myproject_db.user user0_ 
    inner join
        role role1_ 
            on user0_.role_id=role1_.id 
    where
        user0_.id=?
2026-05-21 15:01:51.010 [grizzly-http-server-11] DEBUG SQL.logStatement:144 - 
    select
        enterprise0_.id as id1_3_2_,
        enterprise0_.description as descript2_3_2_,
        enterprise0_.name as name3_3_2_,
        enterprise0_.sector as sector4_3_2_,
        enterprise0_.siret as siret5_3_2_,
        enterprise0_.user_id as user_id7_3_2_,
        enterprise0_.website as website6_3_2_,
        user1_.id as id1_7_0_,
        user1_.birthdate as birthdat2_7_0_,
        user1_.email as email3_7_0_,
        user1_.firstname as firstnam4_7_0_,
        user1_.active as active5_7_0_,
        user1_.last_password_update as last_pas6_7_0_,
        user1_.lastname as lastname7_7_0_,
        user1_.pwd as pwd8_7_0_,
        user1_.question_id as questio10_7_0_,
        user1_.response as response9_7_0_,
        user1_.role_id as role_id11_7_0_,
        role2_.id as id1_9_1_,
        role2_.name as name2_9_1_ 
    from
        myproject_db.enterprise enterprise0_ 
    inner join
        myproject_db.user user1_ 
            on enterprise0_.user_id=user1_.id 
    left outer join
        role role2_ 
            on user1_.role_id=role2_.id 
    where
        enterprise0_.user_id=?
2026-05-21 15:01:51.015 [grizzly-http-server-11] DEBUG SQL.logStatement:144 - 
    select
        enterprise0_.id as id1_3_0_,
        enterprise0_.description as descript2_3_0_,
        enterprise0_.name as name3_3_0_,
        enterprise0_.sector as sector4_3_0_,
        enterprise0_.siret as siret5_3_0_,
        enterprise0_.user_id as user_id7_3_0_,
        enterprise0_.website as website6_3_0_,
        user1_.id as id1_7_1_,
        user1_.birthdate as birthdat2_7_1_,
        user1_.email as email3_7_1_,
        user1_.firstname as firstnam4_7_1_,
        user1_.active as active5_7_1_,
        user1_.last_password_update as last_pas6_7_1_,
        user1_.lastname as lastname7_7_1_,
        user1_.pwd as pwd8_7_1_,
        user1_.question_id as questio10_7_1_,
        user1_.response as response9_7_1_,
        user1_.role_id as role_id11_7_1_,
        role2_.id as id1_9_2_,
        role2_.name as name2_9_2_ 
    from
        myproject_db.enterprise enterprise0_ 
    inner join
        myproject_db.user user1_ 
            on enterprise0_.user_id=user1_.id 
    inner join
        role role2_ 
            on user1_.role_id=role2_.id 
    where
        enterprise0_.id=?
2026-05-21 15:01:51.021 [grizzly-http-server-11] DEBUG SQL.logStatement:144 - 
    select
        user0_.id as id1_7_0_,
        user0_.birthdate as birthdat2_7_0_,
        user0_.email as email3_7_0_,
        user0_.firstname as firstnam4_7_0_,
        user0_.active as active5_7_0_,
        user0_.last_password_update as last_pas6_7_0_,
        user0_.lastname as lastname7_7_0_,
        user0_.pwd as pwd8_7_0_,
        user0_.question_id as questio10_7_0_,
        user0_.response as response9_7_0_,
        user0_.role_id as role_id11_7_0_,
        role1_.id as id1_9_1_,
        role1_.name as name2_9_1_ 
    from
        myproject_db.user user0_ 
    inner join
        role role1_ 
            on user0_.role_id=role1_.id 
    where
        user0_.id=?
2026-05-21 15:01:51.025 [grizzly-http-server-11] DEBUG SQL.logStatement:144 - 
    select
        enterprise0_.id as id1_3_2_,
        enterprise0_.description as descript2_3_2_,
        enterprise0_.name as name3_3_2_,
        enterprise0_.sector as sector4_3_2_,
        enterprise0_.siret as siret5_3_2_,
        enterprise0_.user_id as user_id7_3_2_,
        enterprise0_.website as website6_3_2_,
        user1_.id as id1_7_0_,
        user1_.birthdate as birthdat2_7_0_,
        user1_.email as email3_7_0_,
        user1_.firstname as firstnam4_7_0_,
        user1_.active as active5_7_0_,
        user1_.last_password_update as last_pas6_7_0_,
        user1_.lastname as lastname7_7_0_,
        user1_.pwd as pwd8_7_0_,
        user1_.question_id as questio10_7_0_,
        user1_.response as response9_7_0_,
        user1_.role_id as role_id11_7_0_,
        role2_.id as id1_9_1_,
        role2_.name as name2_9_1_ 
    from
        myproject_db.enterprise enterprise0_ 
    inner join
        myproject_db.user user1_ 
            on enterprise0_.user_id=user1_.id 
    left outer join
        role role2_ 
            on user1_.role_id=role2_.id 
    where
        enterprise0_.user_id=?
2026-05-21 15:01:51.059 [grizzly-http-server-11] DEBUG SQL.logStatement:144 - 
    select
        applicatio0_.id as id1_2_0_,
        applicatio0_.apply_date as apply_da2_2_0_,
        applicatio0_.motivation_letter as motivati3_2_0_,
        applicatio0_.offer_id as offer_id5_2_0_,
        applicatio0_.status as status4_2_0_,
        applicatio0_.student_id as student_6_2_0_ 
    from
        myproject_db.application applicatio0_ 
    where
        applicatio0_.id=?
2026-05-21 15:01:51.065 [grizzly-http-server-11] DEBUG SQL.logStatement:144 - 
    select
        internship0_.id as id1_5_0_,
        internship0_.description as descript2_5_0_,
        internship0_.end_date as end_date3_5_0_,
        internship0_.enterprise_id as enterpri9_5_0_,
        internship0_.remuneration as remunera4_5_0_,
        internship0_.start_date as start_da5_5_0_,
        internship0_.status as status6_5_0_,
        internship0_.title as title7_5_0_,
        internship0_.ville as ville8_5_0_ 
    from
        myproject_db.internship_offer internship0_ 
    where
        internship0_.id=?
2026-05-21 15:01:51.069 [grizzly-http-server-11] DEBUG SQL.logStatement:144 - 
    select
        enterprise0_.id as id1_3_0_,
        enterprise0_.description as descript2_3_0_,
        enterprise0_.name as name3_3_0_,
        enterprise0_.sector as sector4_3_0_,
        enterprise0_.siret as siret5_3_0_,
        enterprise0_.user_id as user_id7_3_0_,
        enterprise0_.website as website6_3_0_ 
    from
        myproject_db.enterprise enterprise0_ 
    where
        enterprise0_.id=?
2026-05-21 15:01:51.074 [grizzly-http-server-11] DEBUG SQL.logStatement:144 - 
    select
        user0_.id as id1_7_2_,
        user0_.birthdate as birthdat2_7_2_,
        user0_.email as email3_7_2_,
        user0_.firstname as firstnam4_7_2_,
        user0_.active as active5_7_2_,
        user0_.last_password_update as last_pas6_7_2_,
        user0_.lastname as lastname7_7_2_,
        user0_.pwd as pwd8_7_2_,
        user0_.question_id as questio10_7_2_,
        user0_.response as response9_7_2_,
        user0_.role_id as role_id11_7_2_,
        addresses1_.user_id as user_id8_0_4_,
        addresses1_.id as id1_0_4_,
        addresses1_.id as id1_0_0_,
        addresses1_.city as city2_0_0_,
        addresses1_.country as country3_0_0_,
        addresses1_.number as number4_0_0_,
        addresses1_.postal_code as postal_c5_0_0_,
        addresses1_.street as street6_0_0_,
        addresses1_.type_street as type_str7_0_0_,
        addresses1_.user_id as user_id8_0_0_,
        enterprise2_.id as id1_3_1_,
        enterprise2_.description as descript2_3_1_,
        enterprise2_.name as name3_3_1_,
        enterprise2_.sector as sector4_3_1_,
        enterprise2_.siret as siret5_3_1_,
        enterprise2_.user_id as user_id7_3_1_,
        enterprise2_.website as website6_3_1_ 
    from
        myproject_db.user user0_ 
    left outer join
        myproject_db.address addresses1_ 
            on user0_.id=addresses1_.user_id 
    left outer join
        myproject_db.enterprise enterprise2_ 
            on user0_.id=enterprise2_.user_id 
    where
        user0_.id=?
2026-05-21 15:01:51.085 [grizzly-http-server-11] DEBUG SQL.logStatement:144 - 
    select
        role0_.id as id1_9_0_,
        role0_.name as name2_9_0_ 
    from
        role role0_ 
    where
        role0_.id=?
2026-05-21 15:01:51.087 [grizzly-http-server-11] DEBUG SQL.logStatement:144 - 
    select
        enterprise0_.id as id1_3_2_,
        enterprise0_.description as descript2_3_2_,
        enterprise0_.name as name3_3_2_,
        enterprise0_.sector as sector4_3_2_,
        enterprise0_.siret as siret5_3_2_,
        enterprise0_.user_id as user_id7_3_2_,
        enterprise0_.website as website6_3_2_,
        user1_.id as id1_7_0_,
        user1_.birthdate as birthdat2_7_0_,
        user1_.email as email3_7_0_,
        user1_.firstname as firstnam4_7_0_,
        user1_.active as active5_7_0_,
        user1_.last_password_update as last_pas6_7_0_,
        user1_.lastname as lastname7_7_0_,
        user1_.pwd as pwd8_7_0_,
        user1_.question_id as questio10_7_0_,
        user1_.response as response9_7_0_,
        user1_.role_id as role_id11_7_0_,
        role2_.id as id1_9_1_,
        role2_.name as name2_9_1_ 
    from
        myproject_db.enterprise enterprise0_ 
    inner join
        myproject_db.user user1_ 
            on enterprise0_.user_id=user1_.id 
    left outer join
        role role2_ 
            on user1_.role_id=role2_.id 
    where
        enterprise0_.user_id=?
2026-05-21 15:01:51.093 [grizzly-http-server-11] DEBUG SQL.logStatement:144 - 
    select
        user0_.id as id1_7_2_,
        user0_.birthdate as birthdat2_7_2_,
        user0_.email as email3_7_2_,
        user0_.firstname as firstnam4_7_2_,
        user0_.active as active5_7_2_,
        user0_.last_password_update as last_pas6_7_2_,
        user0_.lastname as lastname7_7_2_,
        user0_.pwd as pwd8_7_2_,
        user0_.question_id as questio10_7_2_,
        user0_.response as response9_7_2_,
        user0_.role_id as role_id11_7_2_,
        addresses1_.user_id as user_id8_0_4_,
        addresses1_.id as id1_0_4_,
        addresses1_.id as id1_0_0_,
        addresses1_.city as city2_0_0_,
        addresses1_.country as country3_0_0_,
        addresses1_.number as number4_0_0_,
        addresses1_.postal_code as postal_c5_0_0_,
        addresses1_.street as street6_0_0_,
        addresses1_.type_street as type_str7_0_0_,
        addresses1_.user_id as user_id8_0_0_,
        enterprise2_.id as id1_3_1_,
        enterprise2_.description as descript2_3_1_,
        enterprise2_.name as name3_3_1_,
        enterprise2_.sector as sector4_3_1_,
        enterprise2_.siret as siret5_3_1_,
        enterprise2_.user_id as user_id7_3_1_,
        enterprise2_.website as website6_3_1_ 
    from
        myproject_db.user user0_ 
    left outer join
        myproject_db.address addresses1_ 
            on user0_.id=addresses1_.user_id 
    left outer join
        myproject_db.enterprise enterprise2_ 
            on user0_.id=enterprise2_.user_id 
    where
        user0_.id=?
2026-05-21 15:01:51.099 [grizzly-http-server-11] DEBUG SQL.logStatement:144 - 
    select
        role0_.id as id1_9_0_,
        role0_.name as name2_9_0_ 
    from
        role role0_ 
    where
        role0_.id=?
2026-05-21 15:01:51.132 [grizzly-http-server-11] DEBUG SQL.logStatement:144 - 
    select
        internship0_.id as id1_4_,
        internship0_.application_id as applicat9_4_,
        internship0_.convention_status as conventi2_4_,
        internship0_.dateDebut as datedebu3_4_,
        internship0_.dateFin as datefin4_4_,
        internship0_.estValide as estvalid5_4_,
        internship0_.missions as missions6_4_,
        internship0_.note_finale as note_fin7_4_,
        internship0_.prof_id as prof_id10_4_,
        internship0_.rapport_tuteur as rapport_8_4_ 
    from
        myproject_db.internship internship0_ 
    where
        internship0_.application_id=?
2026-05-21 15:15:08.805 [main] INFO  Version.logVersion:44 - HHH000412: Hibernate ORM core version 5.6.15.Final
2026-05-21 15:15:09.622 [main] INFO  Version.<clinit>:56 - HCANN000001: Hibernate Commons Annotations {5.1.2.Final}
2026-05-21 15:15:09.813 [main] WARN  pooling.configure:75 - HHH10001002: Using Hibernate built-in connection pool (not for production use!)
2026-05-21 15:15:09.821 [main] INFO  pooling.buildCreator:119 - HHH10001005: using driver [com.mysql.cj.jdbc.Driver] at URL [jdbc:mysql://127.0.0.1:3306/myproject_db?useSSL=false&serverTimezone=UTC&allowPublicKeyRetrieval=true]
2026-05-21 15:15:09.821 [main] INFO  pooling.buildCreator:128 - HHH10001001: Connection properties: {password=****, user=root}
2026-05-21 15:15:09.822 [main] INFO  pooling.buildCreator:132 - HHH10001003: Autocommit mode: false
2026-05-21 15:15:09.827 [main] INFO  DriverManagerConnectionProviderImpl.<init>:322 - HHH000115: Hibernate connection pool size: 20 (min=1)
2026-05-21 15:15:10.106 [main] INFO  Dialect.<init>:175 - HHH000400: Using dialect: org.hibernate.dialect.MySQL8Dialect
2026-05-21 15:15:10.744 [main] INFO  Version.<clinit>:21 - HV000001: Hibernate Validator 6.2.5.Final
2026-05-21 15:15:11.600 [main] INFO  access.getIsolatedConnection:48 - HHH10001501: Connection obtained from JdbcConnectionAccess [org.hibernate.engine.jdbc.env.internal.JdbcEnvironmentInitiator$ConnectionProviderJdbcConnectionAccess@4b033eac] for (non-JTA) DDL execution was not in auto-commit mode; the Connection 'local transaction' will be committed and the Connection will be set into auto-commit mode.
2026-05-21 15:15:11.818 [main] INFO  JtaPlatformInitiator.initiateService:52 - HHH000490: Using JtaPlatform implementation: [org.hibernate.engine.transaction.jta.platform.internal.NoJtaPlatform]
2026-05-21 15:16:26.529 [grizzly-http-server-3] DEBUG UserService.getUserByEmail:90 - getUserByEmail email : tuteur@gmail.com
2026-05-21 15:16:26.563 [grizzly-http-server-3] DEBUG SQL.logStatement:144 - 
    select
        user0_.id as id1_7_,
        user0_.birthdate as birthdat2_7_,
        user0_.email as email3_7_,
        user0_.firstname as firstnam4_7_,
        user0_.active as active5_7_,
        user0_.last_password_update as last_pas6_7_,
        user0_.lastname as lastname7_7_,
        user0_.pwd as pwd8_7_,
        user0_.question_id as questio10_7_,
        user0_.response as response9_7_,
        user0_.role_id as role_id11_7_ 
    from
        myproject_db.user user0_ 
    where
        user0_.email=?
2026-05-21 15:16:26.631 [grizzly-http-server-3] DEBUG SQL.logStatement:144 - 
    select
        role0_.id as id1_9_0_,
        role0_.name as name2_9_0_ 
    from
        role role0_ 
    where
        role0_.id=?
2026-05-21 15:16:26.644 [grizzly-http-server-3] DEBUG SQL.logStatement:144 - 
    select
        enterprise0_.id as id1_3_2_,
        enterprise0_.description as descript2_3_2_,
        enterprise0_.name as name3_3_2_,
        enterprise0_.sector as sector4_3_2_,
        enterprise0_.siret as siret5_3_2_,
        enterprise0_.user_id as user_id7_3_2_,
        enterprise0_.website as website6_3_2_,
        user1_.id as id1_7_0_,
        user1_.birthdate as birthdat2_7_0_,
        user1_.email as email3_7_0_,
        user1_.firstname as firstnam4_7_0_,
        user1_.active as active5_7_0_,
        user1_.last_password_update as last_pas6_7_0_,
        user1_.lastname as lastname7_7_0_,
        user1_.pwd as pwd8_7_0_,
        user1_.question_id as questio10_7_0_,
        user1_.response as response9_7_0_,
        user1_.role_id as role_id11_7_0_,
        role2_.id as id1_9_1_,
        role2_.name as name2_9_1_ 
    from
        myproject_db.enterprise enterprise0_ 
    inner join
        myproject_db.user user1_ 
            on enterprise0_.user_id=user1_.id 
    left outer join
        role role2_ 
            on user1_.role_id=role2_.id 
    where
        enterprise0_.user_id=?
2026-05-21 15:16:27.815 [grizzly-http-server-4] DEBUG SQL.logStatement:144 - 
    select
        enterprise0_.id as id1_3_,
        enterprise0_.description as descript2_3_,
        enterprise0_.name as name3_3_,
        enterprise0_.sector as sector4_3_,
        enterprise0_.siret as siret5_3_,
        enterprise0_.user_id as user_id7_3_,
        enterprise0_.website as website6_3_ 
    from
        myproject_db.enterprise enterprise0_ 
    where
        enterprise0_.user_id=?
2026-05-21 15:16:27.825 [grizzly-http-server-4] DEBUG SQL.logStatement:144 - 
    select
        user0_.id as id1_7_0_,
        user0_.birthdate as birthdat2_7_0_,
        user0_.email as email3_7_0_,
        user0_.firstname as firstnam4_7_0_,
        user0_.active as active5_7_0_,
        user0_.last_password_update as last_pas6_7_0_,
        user0_.lastname as lastname7_7_0_,
        user0_.pwd as pwd8_7_0_,
        user0_.question_id as questio10_7_0_,
        user0_.response as response9_7_0_,
        user0_.role_id as role_id11_7_0_,
        role1_.id as id1_9_1_,
        role1_.name as name2_9_1_ 
    from
        myproject_db.user user0_ 
    inner join
        role role1_ 
            on user0_.role_id=role1_.id 
    where
        user0_.id=?
2026-05-21 15:16:27.828 [grizzly-http-server-4] DEBUG SQL.logStatement:144 - 
    select
        enterprise0_.id as id1_3_2_,
        enterprise0_.description as descript2_3_2_,
        enterprise0_.name as name3_3_2_,
        enterprise0_.sector as sector4_3_2_,
        enterprise0_.siret as siret5_3_2_,
        enterprise0_.user_id as user_id7_3_2_,
        enterprise0_.website as website6_3_2_,
        user1_.id as id1_7_0_,
        user1_.birthdate as birthdat2_7_0_,
        user1_.email as email3_7_0_,
        user1_.firstname as firstnam4_7_0_,
        user1_.active as active5_7_0_,
        user1_.last_password_update as last_pas6_7_0_,
        user1_.lastname as lastname7_7_0_,
        user1_.pwd as pwd8_7_0_,
        user1_.question_id as questio10_7_0_,
        user1_.response as response9_7_0_,
        user1_.role_id as role_id11_7_0_,
        role2_.id as id1_9_1_,
        role2_.name as name2_9_1_ 
    from
        myproject_db.enterprise enterprise0_ 
    inner join
        myproject_db.user user1_ 
            on enterprise0_.user_id=user1_.id 
    left outer join
        role role2_ 
            on user1_.role_id=role2_.id 
    where
        enterprise0_.user_id=?
2026-05-21 15:16:27.843 [grizzly-http-server-5] DEBUG SQL.logStatement:144 - 
    select
        enterprise0_.id as id1_3_,
        enterprise0_.description as descript2_3_,
        enterprise0_.name as name3_3_,
        enterprise0_.sector as sector4_3_,
        enterprise0_.siret as siret5_3_,
        enterprise0_.user_id as user_id7_3_,
        enterprise0_.website as website6_3_ 
    from
        myproject_db.enterprise enterprise0_ 
    where
        enterprise0_.user_id=?
2026-05-21 15:16:27.845 [grizzly-http-server-5] DEBUG SQL.logStatement:144 - 
    select
        user0_.id as id1_7_0_,
        user0_.birthdate as birthdat2_7_0_,
        user0_.email as email3_7_0_,
        user0_.firstname as firstnam4_7_0_,
        user0_.active as active5_7_0_,
        user0_.last_password_update as last_pas6_7_0_,
        user0_.lastname as lastname7_7_0_,
        user0_.pwd as pwd8_7_0_,
        user0_.question_id as questio10_7_0_,
        user0_.response as response9_7_0_,
        user0_.role_id as role_id11_7_0_,
        role1_.id as id1_9_1_,
        role1_.name as name2_9_1_ 
    from
        myproject_db.user user0_ 
    inner join
        role role1_ 
            on user0_.role_id=role1_.id 
    where
        user0_.id=?
2026-05-21 15:16:27.849 [grizzly-http-server-5] DEBUG SQL.logStatement:144 - 
    select
        enterprise0_.id as id1_3_2_,
        enterprise0_.description as descript2_3_2_,
        enterprise0_.name as name3_3_2_,
        enterprise0_.sector as sector4_3_2_,
        enterprise0_.siret as siret5_3_2_,
        enterprise0_.user_id as user_id7_3_2_,
        enterprise0_.website as website6_3_2_,
        user1_.id as id1_7_0_,
        user1_.birthdate as birthdat2_7_0_,
        user1_.email as email3_7_0_,
        user1_.firstname as firstnam4_7_0_,
        user1_.active as active5_7_0_,
        user1_.last_password_update as last_pas6_7_0_,
        user1_.lastname as lastname7_7_0_,
        user1_.pwd as pwd8_7_0_,
        user1_.question_id as questio10_7_0_,
        user1_.response as response9_7_0_,
        user1_.role_id as role_id11_7_0_,
        role2_.id as id1_9_1_,
        role2_.name as name2_9_1_ 
    from
        myproject_db.enterprise enterprise0_ 
    inner join
        myproject_db.user user1_ 
            on enterprise0_.user_id=user1_.id 
    left outer join
        role role2_ 
            on user1_.role_id=role2_.id 
    where
        enterprise0_.user_id=?
2026-05-21 15:16:27.853 [grizzly-http-server-7] DEBUG SQL.logStatement:144 - 
    select
        enterprise0_.id as id1_3_0_,
        enterprise0_.description as descript2_3_0_,
        enterprise0_.name as name3_3_0_,
        enterprise0_.sector as sector4_3_0_,
        enterprise0_.siret as siret5_3_0_,
        enterprise0_.user_id as user_id7_3_0_,
        enterprise0_.website as website6_3_0_,
        user1_.id as id1_7_1_,
        user1_.birthdate as birthdat2_7_1_,
        user1_.email as email3_7_1_,
        user1_.firstname as firstnam4_7_1_,
        user1_.active as active5_7_1_,
        user1_.last_password_update as last_pas6_7_1_,
        user1_.lastname as lastname7_7_1_,
        user1_.pwd as pwd8_7_1_,
        user1_.question_id as questio10_7_1_,
        user1_.response as response9_7_1_,
        user1_.role_id as role_id11_7_1_,
        role2_.id as id1_9_2_,
        role2_.name as name2_9_2_ 
    from
        myproject_db.enterprise enterprise0_ 
    inner join
        myproject_db.user user1_ 
            on enterprise0_.user_id=user1_.id 
    inner join
        role role2_ 
            on user1_.role_id=role2_.id 
    where
        enterprise0_.id=?
2026-05-21 15:16:27.861 [grizzly-http-server-7] DEBUG SQL.logStatement:144 - 
    select
        internship0_.id as id1_5_,
        internship0_.description as descript2_5_,
        internship0_.end_date as end_date3_5_,
        internship0_.enterprise_id as enterpri9_5_,
        internship0_.remuneration as remunera4_5_,
        internship0_.start_date as start_da5_5_,
        internship0_.status as status6_5_,
        internship0_.title as title7_5_,
        internship0_.ville as ville8_5_ 
    from
        myproject_db.internship_offer internship0_ 
    where
        internship0_.enterprise_id=?
2026-05-21 15:16:27.865 [grizzly-http-server-7] DEBUG SQL.logStatement:144 - 
    select
        enterprise0_.id as id1_3_0_,
        enterprise0_.description as descript2_3_0_,
        enterprise0_.name as name3_3_0_,
        enterprise0_.sector as sector4_3_0_,
        enterprise0_.siret as siret5_3_0_,
        enterprise0_.user_id as user_id7_3_0_,
        enterprise0_.website as website6_3_0_,
        user1_.id as id1_7_1_,
        user1_.birthdate as birthdat2_7_1_,
        user1_.email as email3_7_1_,
        user1_.firstname as firstnam4_7_1_,
        user1_.active as active5_7_1_,
        user1_.last_password_update as last_pas6_7_1_,
        user1_.lastname as lastname7_7_1_,
        user1_.pwd as pwd8_7_1_,
        user1_.question_id as questio10_7_1_,
        user1_.response as response9_7_1_,
        user1_.role_id as role_id11_7_1_,
        role2_.id as id1_9_2_,
        role2_.name as name2_9_2_ 
    from
        myproject_db.enterprise enterprise0_ 
    inner join
        myproject_db.user user1_ 
            on enterprise0_.user_id=user1_.id 
    inner join
        role role2_ 
            on user1_.role_id=role2_.id 
    where
        enterprise0_.id=?
2026-05-21 15:16:27.910 [grizzly-http-server-6] DEBUG SQL.logStatement:144 - 
    select
        enterprise0_.id as id1_3_0_,
        enterprise0_.description as descript2_3_0_,
        enterprise0_.name as name3_3_0_,
        enterprise0_.sector as sector4_3_0_,
        enterprise0_.siret as siret5_3_0_,
        enterprise0_.user_id as user_id7_3_0_,
        enterprise0_.website as website6_3_0_,
        user1_.id as id1_7_1_,
        user1_.birthdate as birthdat2_7_1_,
        user1_.email as email3_7_1_,
        user1_.firstname as firstnam4_7_1_,
        user1_.active as active5_7_1_,
        user1_.last_password_update as last_pas6_7_1_,
        user1_.lastname as lastname7_7_1_,
        user1_.pwd as pwd8_7_1_,
        user1_.question_id as questio10_7_1_,
        user1_.response as response9_7_1_,
        user1_.role_id as role_id11_7_1_,
        role2_.id as id1_9_2_,
        role2_.name as name2_9_2_ 
    from
        myproject_db.enterprise enterprise0_ 
    inner join
        myproject_db.user user1_ 
            on enterprise0_.user_id=user1_.id 
    inner join
        role role2_ 
            on user1_.role_id=role2_.id 
    where
        enterprise0_.id=?
2026-05-21 15:16:27.916 [grizzly-http-server-6] DEBUG SQL.logStatement:144 - 
    select
        internship0_.id as id1_5_,
        internship0_.description as descript2_5_,
        internship0_.end_date as end_date3_5_,
        internship0_.enterprise_id as enterpri9_5_,
        internship0_.remuneration as remunera4_5_,
        internship0_.start_date as start_da5_5_,
        internship0_.status as status6_5_,
        internship0_.title as title7_5_,
        internship0_.ville as ville8_5_ 
    from
        myproject_db.internship_offer internship0_ 
    where
        internship0_.enterprise_id=?
2026-05-21 15:16:27.922 [grizzly-http-server-6] DEBUG SQL.logStatement:144 - 
    select
        enterprise0_.id as id1_3_0_,
        enterprise0_.description as descript2_3_0_,
        enterprise0_.name as name3_3_0_,
        enterprise0_.sector as sector4_3_0_,
        enterprise0_.siret as siret5_3_0_,
        enterprise0_.user_id as user_id7_3_0_,
        enterprise0_.website as website6_3_0_,
        user1_.id as id1_7_1_,
        user1_.birthdate as birthdat2_7_1_,
        user1_.email as email3_7_1_,
        user1_.firstname as firstnam4_7_1_,
        user1_.active as active5_7_1_,
        user1_.last_password_update as last_pas6_7_1_,
        user1_.lastname as lastname7_7_1_,
        user1_.pwd as pwd8_7_1_,
        user1_.question_id as questio10_7_1_,
        user1_.response as response9_7_1_,
        user1_.role_id as role_id11_7_1_,
        role2_.id as id1_9_2_,
        role2_.name as name2_9_2_ 
    from
        myproject_db.enterprise enterprise0_ 
    inner join
        myproject_db.user user1_ 
            on enterprise0_.user_id=user1_.id 
    inner join
        role role2_ 
            on user1_.role_id=role2_.id 
    where
        enterprise0_.id=?
2026-05-21 15:16:29.644 [grizzly-http-server-9] DEBUG SQL.logStatement:144 - 
    select
        applicatio0_.id as id1_2_0_,
        internship1_.id as id1_5_1_,
        applicatio0_.apply_date as apply_da2_2_0_,
        applicatio0_.motivation_letter as motivati3_2_0_,
        applicatio0_.offer_id as offer_id5_2_0_,
        applicatio0_.status as status4_2_0_,
        applicatio0_.student_id as student_6_2_0_,
        internship1_.description as descript2_5_1_,
        internship1_.end_date as end_date3_5_1_,
        internship1_.enterprise_id as enterpri9_5_1_,
        internship1_.remuneration as remunera4_5_1_,
        internship1_.start_date as start_da5_5_1_,
        internship1_.status as status6_5_1_,
        internship1_.title as title7_5_1_,
        internship1_.ville as ville8_5_1_ 
    from
        myproject_db.application applicatio0_ 
    inner join
        myproject_db.internship_offer internship1_ 
            on applicatio0_.offer_id=internship1_.id 
    where
        applicatio0_.offer_id=?
2026-05-21 15:16:29.644 [grizzly-http-server-8] DEBUG SQL.logStatement:144 - 
    select
        applicatio0_.id as id1_2_0_,
        internship1_.id as id1_5_1_,
        applicatio0_.apply_date as apply_da2_2_0_,
        applicatio0_.motivation_letter as motivati3_2_0_,
        applicatio0_.offer_id as offer_id5_2_0_,
        applicatio0_.status as status4_2_0_,
        applicatio0_.student_id as student_6_2_0_,
        internship1_.description as descript2_5_1_,
        internship1_.end_date as end_date3_5_1_,
        internship1_.enterprise_id as enterpri9_5_1_,
        internship1_.remuneration as remunera4_5_1_,
        internship1_.start_date as start_da5_5_1_,
        internship1_.status as status6_5_1_,
        internship1_.title as title7_5_1_,
        internship1_.ville as ville8_5_1_ 
    from
        myproject_db.application applicatio0_ 
    inner join
        myproject_db.internship_offer internship1_ 
            on applicatio0_.offer_id=internship1_.id 
    where
        applicatio0_.offer_id=?
2026-05-21 15:16:29.655 [grizzly-http-server-8] DEBUG SQL.logStatement:144 - 
    select
        user0_.id as id1_7_0_,
        user0_.birthdate as birthdat2_7_0_,
        user0_.email as email3_7_0_,
        user0_.firstname as firstnam4_7_0_,
        user0_.active as active5_7_0_,
        user0_.last_password_update as last_pas6_7_0_,
        user0_.lastname as lastname7_7_0_,
        user0_.pwd as pwd8_7_0_,
        user0_.question_id as questio10_7_0_,
        user0_.response as response9_7_0_,
        user0_.role_id as role_id11_7_0_,
        role1_.id as id1_9_1_,
        role1_.name as name2_9_1_ 
    from
        myproject_db.user user0_ 
    inner join
        role role1_ 
            on user0_.role_id=role1_.id 
    where
        user0_.id=?
2026-05-21 15:16:29.660 [grizzly-http-server-8] DEBUG SQL.logStatement:144 - 
    select
        enterprise0_.id as id1_3_2_,
        enterprise0_.description as descript2_3_2_,
        enterprise0_.name as name3_3_2_,
        enterprise0_.sector as sector4_3_2_,
        enterprise0_.siret as siret5_3_2_,
        enterprise0_.user_id as user_id7_3_2_,
        enterprise0_.website as website6_3_2_,
        user1_.id as id1_7_0_,
        user1_.birthdate as birthdat2_7_0_,
        user1_.email as email3_7_0_,
        user1_.firstname as firstnam4_7_0_,
        user1_.active as active5_7_0_,
        user1_.last_password_update as last_pas6_7_0_,
        user1_.lastname as lastname7_7_0_,
        user1_.pwd as pwd8_7_0_,
        user1_.question_id as questio10_7_0_,
        user1_.response as response9_7_0_,
        user1_.role_id as role_id11_7_0_,
        role2_.id as id1_9_1_,
        role2_.name as name2_9_1_ 
    from
        myproject_db.enterprise enterprise0_ 
    inner join
        myproject_db.user user1_ 
            on enterprise0_.user_id=user1_.id 
    left outer join
        role role2_ 
            on user1_.role_id=role2_.id 
    where
        enterprise0_.user_id=?
2026-05-21 15:16:29.664 [grizzly-http-server-8] DEBUG SQL.logStatement:144 - 
    select
        enterprise0_.id as id1_3_0_,
        enterprise0_.description as descript2_3_0_,
        enterprise0_.name as name3_3_0_,
        enterprise0_.sector as sector4_3_0_,
        enterprise0_.siret as siret5_3_0_,
        enterprise0_.user_id as user_id7_3_0_,
        enterprise0_.website as website6_3_0_,
        user1_.id as id1_7_1_,
        user1_.birthdate as birthdat2_7_1_,
        user1_.email as email3_7_1_,
        user1_.firstname as firstnam4_7_1_,
        user1_.active as active5_7_1_,
        user1_.last_password_update as last_pas6_7_1_,
        user1_.lastname as lastname7_7_1_,
        user1_.pwd as pwd8_7_1_,
        user1_.question_id as questio10_7_1_,
        user1_.response as response9_7_1_,
        user1_.role_id as role_id11_7_1_,
        role2_.id as id1_9_2_,
        role2_.name as name2_9_2_ 
    from
        myproject_db.enterprise enterprise0_ 
    inner join
        myproject_db.user user1_ 
            on enterprise0_.user_id=user1_.id 
    inner join
        role role2_ 
            on user1_.role_id=role2_.id 
    where
        enterprise0_.id=?
2026-05-21 15:16:29.666 [grizzly-http-server-9] DEBUG SQL.logStatement:144 - 
    select
        user0_.id as id1_7_0_,
        user0_.birthdate as birthdat2_7_0_,
        user0_.email as email3_7_0_,
        user0_.firstname as firstnam4_7_0_,
        user0_.active as active5_7_0_,
        user0_.last_password_update as last_pas6_7_0_,
        user0_.lastname as lastname7_7_0_,
        user0_.pwd as pwd8_7_0_,
        user0_.question_id as questio10_7_0_,
        user0_.response as response9_7_0_,
        user0_.role_id as role_id11_7_0_,
        role1_.id as id1_9_1_,
        role1_.name as name2_9_1_ 
    from
        myproject_db.user user0_ 
    inner join
        role role1_ 
            on user0_.role_id=role1_.id 
    where
        user0_.id=?
2026-05-21 15:16:29.671 [grizzly-http-server-8] DEBUG SQL.logStatement:144 - 
    select
        user0_.id as id1_7_0_,
        user0_.birthdate as birthdat2_7_0_,
        user0_.email as email3_7_0_,
        user0_.firstname as firstnam4_7_0_,
        user0_.active as active5_7_0_,
        user0_.last_password_update as last_pas6_7_0_,
        user0_.lastname as lastname7_7_0_,
        user0_.pwd as pwd8_7_0_,
        user0_.question_id as questio10_7_0_,
        user0_.response as response9_7_0_,
        user0_.role_id as role_id11_7_0_,
        role1_.id as id1_9_1_,
        role1_.name as name2_9_1_ 
    from
        myproject_db.user user0_ 
    inner join
        role role1_ 
            on user0_.role_id=role1_.id 
    where
        user0_.id=?
2026-05-21 15:16:29.671 [grizzly-http-server-9] DEBUG SQL.logStatement:144 - 
    select
        enterprise0_.id as id1_3_2_,
        enterprise0_.description as descript2_3_2_,
        enterprise0_.name as name3_3_2_,
        enterprise0_.sector as sector4_3_2_,
        enterprise0_.siret as siret5_3_2_,
        enterprise0_.user_id as user_id7_3_2_,
        enterprise0_.website as website6_3_2_,
        user1_.id as id1_7_0_,
        user1_.birthdate as birthdat2_7_0_,
        user1_.email as email3_7_0_,
        user1_.firstname as firstnam4_7_0_,
        user1_.active as active5_7_0_,
        user1_.last_password_update as last_pas6_7_0_,
        user1_.lastname as lastname7_7_0_,
        user1_.pwd as pwd8_7_0_,
        user1_.question_id as questio10_7_0_,
        user1_.response as response9_7_0_,
        user1_.role_id as role_id11_7_0_,
        role2_.id as id1_9_1_,
        role2_.name as name2_9_1_ 
    from
        myproject_db.enterprise enterprise0_ 
    inner join
        myproject_db.user user1_ 
            on enterprise0_.user_id=user1_.id 
    left outer join
        role role2_ 
            on user1_.role_id=role2_.id 
    where
        enterprise0_.user_id=?
2026-05-21 15:16:29.676 [grizzly-http-server-8] DEBUG SQL.logStatement:144 - 
    select
        enterprise0_.id as id1_3_2_,
        enterprise0_.description as descript2_3_2_,
        enterprise0_.name as name3_3_2_,
        enterprise0_.sector as sector4_3_2_,
        enterprise0_.siret as siret5_3_2_,
        enterprise0_.user_id as user_id7_3_2_,
        enterprise0_.website as website6_3_2_,
        user1_.id as id1_7_0_,
        user1_.birthdate as birthdat2_7_0_,
        user1_.email as email3_7_0_,
        user1_.firstname as firstnam4_7_0_,
        user1_.active as active5_7_0_,
        user1_.last_password_update as last_pas6_7_0_,
        user1_.lastname as lastname7_7_0_,
        user1_.pwd as pwd8_7_0_,
        user1_.question_id as questio10_7_0_,
        user1_.response as response9_7_0_,
        user1_.role_id as role_id11_7_0_,
        role2_.id as id1_9_1_,
        role2_.name as name2_9_1_ 
    from
        myproject_db.enterprise enterprise0_ 
    inner join
        myproject_db.user user1_ 
            on enterprise0_.user_id=user1_.id 
    left outer join
        role role2_ 
            on user1_.role_id=role2_.id 
    where
        enterprise0_.user_id=?
2026-05-21 15:16:29.676 [grizzly-http-server-9] DEBUG SQL.logStatement:144 - 
    select
        enterprise0_.id as id1_3_0_,
        enterprise0_.description as descript2_3_0_,
        enterprise0_.name as name3_3_0_,
        enterprise0_.sector as sector4_3_0_,
        enterprise0_.siret as siret5_3_0_,
        enterprise0_.user_id as user_id7_3_0_,
        enterprise0_.website as website6_3_0_,
        user1_.id as id1_7_1_,
        user1_.birthdate as birthdat2_7_1_,
        user1_.email as email3_7_1_,
        user1_.firstname as firstnam4_7_1_,
        user1_.active as active5_7_1_,
        user1_.last_password_update as last_pas6_7_1_,
        user1_.lastname as lastname7_7_1_,
        user1_.pwd as pwd8_7_1_,
        user1_.question_id as questio10_7_1_,
        user1_.response as response9_7_1_,
        user1_.role_id as role_id11_7_1_,
        role2_.id as id1_9_2_,
        role2_.name as name2_9_2_ 
    from
        myproject_db.enterprise enterprise0_ 
    inner join
        myproject_db.user user1_ 
            on enterprise0_.user_id=user1_.id 
    inner join
        role role2_ 
            on user1_.role_id=role2_.id 
    where
        enterprise0_.id=?
2026-05-21 15:16:29.680 [grizzly-http-server-9] DEBUG SQL.logStatement:144 - 
    select
        user0_.id as id1_7_0_,
        user0_.birthdate as birthdat2_7_0_,
        user0_.email as email3_7_0_,
        user0_.firstname as firstnam4_7_0_,
        user0_.active as active5_7_0_,
        user0_.last_password_update as last_pas6_7_0_,
        user0_.lastname as lastname7_7_0_,
        user0_.pwd as pwd8_7_0_,
        user0_.question_id as questio10_7_0_,
        user0_.response as response9_7_0_,
        user0_.role_id as role_id11_7_0_,
        role1_.id as id1_9_1_,
        role1_.name as name2_9_1_ 
    from
        myproject_db.user user0_ 
    inner join
        role role1_ 
            on user0_.role_id=role1_.id 
    where
        user0_.id=?
2026-05-21 15:16:29.684 [grizzly-http-server-9] DEBUG SQL.logStatement:144 - 
    select
        enterprise0_.id as id1_3_2_,
        enterprise0_.description as descript2_3_2_,
        enterprise0_.name as name3_3_2_,
        enterprise0_.sector as sector4_3_2_,
        enterprise0_.siret as siret5_3_2_,
        enterprise0_.user_id as user_id7_3_2_,
        enterprise0_.website as website6_3_2_,
        user1_.id as id1_7_0_,
        user1_.birthdate as birthdat2_7_0_,
        user1_.email as email3_7_0_,
        user1_.firstname as firstnam4_7_0_,
        user1_.active as active5_7_0_,
        user1_.last_password_update as last_pas6_7_0_,
        user1_.lastname as lastname7_7_0_,
        user1_.pwd as pwd8_7_0_,
        user1_.question_id as questio10_7_0_,
        user1_.response as response9_7_0_,
        user1_.role_id as role_id11_7_0_,
        role2_.id as id1_9_1_,
        role2_.name as name2_9_1_ 
    from
        myproject_db.enterprise enterprise0_ 
    inner join
        myproject_db.user user1_ 
            on enterprise0_.user_id=user1_.id 
    left outer join
        role role2_ 
            on user1_.role_id=role2_.id 
    where
        enterprise0_.user_id=?
2026-05-21 15:16:32.692 [grizzly-http-server-11] DEBUG SQL.logStatement:144 - 
    select
        applicatio0_.id as id1_2_0_,
        applicatio0_.apply_date as apply_da2_2_0_,
        applicatio0_.motivation_letter as motivati3_2_0_,
        applicatio0_.offer_id as offer_id5_2_0_,
        applicatio0_.status as status4_2_0_,
        applicatio0_.student_id as student_6_2_0_,
        internship1_.id as id1_5_1_,
        internship1_.description as descript2_5_1_,
        internship1_.end_date as end_date3_5_1_,
        internship1_.enterprise_id as enterpri9_5_1_,
        internship1_.remuneration as remunera4_5_1_,
        internship1_.start_date as start_da5_5_1_,
        internship1_.status as status6_5_1_,
        internship1_.title as title7_5_1_,
        internship1_.ville as ville8_5_1_,
        enterprise2_.id as id1_3_2_,
        enterprise2_.description as descript2_3_2_,
        enterprise2_.name as name3_3_2_,
        enterprise2_.sector as sector4_3_2_,
        enterprise2_.siret as siret5_3_2_,
        enterprise2_.user_id as user_id7_3_2_,
        enterprise2_.website as website6_3_2_,
        user3_.id as id1_7_3_,
        user3_.birthdate as birthdat2_7_3_,
        user3_.email as email3_7_3_,
        user3_.firstname as firstnam4_7_3_,
        user3_.active as active5_7_3_,
        user3_.last_password_update as last_pas6_7_3_,
        user3_.lastname as lastname7_7_3_,
        user3_.pwd as pwd8_7_3_,
        user3_.question_id as questio10_7_3_,
        user3_.response as response9_7_3_,
        user3_.role_id as role_id11_7_3_,
        role4_.id as id1_9_4_,
        role4_.name as name2_9_4_ 
    from
        myproject_db.application applicatio0_ 
    inner join
        myproject_db.internship_offer internship1_ 
            on applicatio0_.offer_id=internship1_.id 
    inner join
        myproject_db.enterprise enterprise2_ 
            on internship1_.enterprise_id=enterprise2_.id 
    inner join
        myproject_db.user user3_ 
            on applicatio0_.student_id=user3_.id 
    inner join
        role role4_ 
            on user3_.role_id=role4_.id 
    where
        applicatio0_.id=?
2026-05-21 15:16:32.706 [grizzly-http-server-11] DEBUG SQL.logStatement:144 - 
    select
        user0_.id as id1_7_0_,
        user0_.birthdate as birthdat2_7_0_,
        user0_.email as email3_7_0_,
        user0_.firstname as firstnam4_7_0_,
        user0_.active as active5_7_0_,
        user0_.last_password_update as last_pas6_7_0_,
        user0_.lastname as lastname7_7_0_,
        user0_.pwd as pwd8_7_0_,
        user0_.question_id as questio10_7_0_,
        user0_.response as response9_7_0_,
        user0_.role_id as role_id11_7_0_,
        role1_.id as id1_9_1_,
        role1_.name as name2_9_1_ 
    from
        myproject_db.user user0_ 
    inner join
        role role1_ 
            on user0_.role_id=role1_.id 
    where
        user0_.id=?
2026-05-21 15:16:32.710 [grizzly-http-server-11] DEBUG SQL.logStatement:144 - 
    select
        enterprise0_.id as id1_3_2_,
        enterprise0_.description as descript2_3_2_,
        enterprise0_.name as name3_3_2_,
        enterprise0_.sector as sector4_3_2_,
        enterprise0_.siret as siret5_3_2_,
        enterprise0_.user_id as user_id7_3_2_,
        enterprise0_.website as website6_3_2_,
        user1_.id as id1_7_0_,
        user1_.birthdate as birthdat2_7_0_,
        user1_.email as email3_7_0_,
        user1_.firstname as firstnam4_7_0_,
        user1_.active as active5_7_0_,
        user1_.last_password_update as last_pas6_7_0_,
        user1_.lastname as lastname7_7_0_,
        user1_.pwd as pwd8_7_0_,
        user1_.question_id as questio10_7_0_,
        user1_.response as response9_7_0_,
        user1_.role_id as role_id11_7_0_,
        role2_.id as id1_9_1_,
        role2_.name as name2_9_1_ 
    from
        myproject_db.enterprise enterprise0_ 
    inner join
        myproject_db.user user1_ 
            on enterprise0_.user_id=user1_.id 
    left outer join
        role role2_ 
            on user1_.role_id=role2_.id 
    where
        enterprise0_.user_id=?
2026-05-21 15:16:32.712 [grizzly-http-server-11] DEBUG SQL.logStatement:144 - 
    select
        enterprise0_.id as id1_3_2_,
        enterprise0_.description as descript2_3_2_,
        enterprise0_.name as name3_3_2_,
        enterprise0_.sector as sector4_3_2_,
        enterprise0_.siret as siret5_3_2_,
        enterprise0_.user_id as user_id7_3_2_,
        enterprise0_.website as website6_3_2_,
        user1_.id as id1_7_0_,
        user1_.birthdate as birthdat2_7_0_,
        user1_.email as email3_7_0_,
        user1_.firstname as firstnam4_7_0_,
        user1_.active as active5_7_0_,
        user1_.last_password_update as last_pas6_7_0_,
        user1_.lastname as lastname7_7_0_,
        user1_.pwd as pwd8_7_0_,
        user1_.question_id as questio10_7_0_,
        user1_.response as response9_7_0_,
        user1_.role_id as role_id11_7_0_,
        role2_.id as id1_9_1_,
        role2_.name as name2_9_1_ 
    from
        myproject_db.enterprise enterprise0_ 
    inner join
        myproject_db.user user1_ 
            on enterprise0_.user_id=user1_.id 
    left outer join
        role role2_ 
            on user1_.role_id=role2_.id 
    where
        enterprise0_.user_id=?
2026-05-21 15:16:32.724 [grizzly-http-server-11] DEBUG SQL.logStatement:144 - 
    select
        applicatio0_.id as id1_2_0_,
        internship1_.id as id1_5_1_,
        applicatio0_.apply_date as apply_da2_2_0_,
        applicatio0_.motivation_letter as motivati3_2_0_,
        applicatio0_.offer_id as offer_id5_2_0_,
        applicatio0_.status as status4_2_0_,
        applicatio0_.student_id as student_6_2_0_,
        internship1_.description as descript2_5_1_,
        internship1_.end_date as end_date3_5_1_,
        internship1_.enterprise_id as enterpri9_5_1_,
        internship1_.remuneration as remunera4_5_1_,
        internship1_.start_date as start_da5_5_1_,
        internship1_.status as status6_5_1_,
        internship1_.title as title7_5_1_,
        internship1_.ville as ville8_5_1_ 
    from
        myproject_db.application applicatio0_ 
    inner join
        myproject_db.internship_offer internship1_ 
            on applicatio0_.offer_id=internship1_.id 
    where
        applicatio0_.offer_id=?
2026-05-21 15:16:32.730 [grizzly-http-server-11] DEBUG SQL.logStatement:144 - 
    select
        user0_.id as id1_7_0_,
        user0_.birthdate as birthdat2_7_0_,
        user0_.email as email3_7_0_,
        user0_.firstname as firstnam4_7_0_,
        user0_.active as active5_7_0_,
        user0_.last_password_update as last_pas6_7_0_,
        user0_.lastname as lastname7_7_0_,
        user0_.pwd as pwd8_7_0_,
        user0_.question_id as questio10_7_0_,
        user0_.response as response9_7_0_,
        user0_.role_id as role_id11_7_0_,
        role1_.id as id1_9_1_,
        role1_.name as name2_9_1_ 
    from
        myproject_db.user user0_ 
    inner join
        role role1_ 
            on user0_.role_id=role1_.id 
    where
        user0_.id=?
2026-05-21 15:16:32.736 [grizzly-http-server-11] DEBUG SQL.logStatement:144 - 
    select
        enterprise0_.id as id1_3_2_,
        enterprise0_.description as descript2_3_2_,
        enterprise0_.name as name3_3_2_,
        enterprise0_.sector as sector4_3_2_,
        enterprise0_.siret as siret5_3_2_,
        enterprise0_.user_id as user_id7_3_2_,
        enterprise0_.website as website6_3_2_,
        user1_.id as id1_7_0_,
        user1_.birthdate as birthdat2_7_0_,
        user1_.email as email3_7_0_,
        user1_.firstname as firstnam4_7_0_,
        user1_.active as active5_7_0_,
        user1_.last_password_update as last_pas6_7_0_,
        user1_.lastname as lastname7_7_0_,
        user1_.pwd as pwd8_7_0_,
        user1_.question_id as questio10_7_0_,
        user1_.response as response9_7_0_,
        user1_.role_id as role_id11_7_0_,
        role2_.id as id1_9_1_,
        role2_.name as name2_9_1_ 
    from
        myproject_db.enterprise enterprise0_ 
    inner join
        myproject_db.user user1_ 
            on enterprise0_.user_id=user1_.id 
    left outer join
        role role2_ 
            on user1_.role_id=role2_.id 
    where
        enterprise0_.user_id=?
2026-05-21 15:16:32.740 [grizzly-http-server-11] DEBUG SQL.logStatement:144 - 
    select
        enterprise0_.id as id1_3_0_,
        enterprise0_.description as descript2_3_0_,
        enterprise0_.name as name3_3_0_,
        enterprise0_.sector as sector4_3_0_,
        enterprise0_.siret as siret5_3_0_,
        enterprise0_.user_id as user_id7_3_0_,
        enterprise0_.website as website6_3_0_,
        user1_.id as id1_7_1_,
        user1_.birthdate as birthdat2_7_1_,
        user1_.email as email3_7_1_,
        user1_.firstname as firstnam4_7_1_,
        user1_.active as active5_7_1_,
        user1_.last_password_update as last_pas6_7_1_,
        user1_.lastname as lastname7_7_1_,
        user1_.pwd as pwd8_7_1_,
        user1_.question_id as questio10_7_1_,
        user1_.response as response9_7_1_,
        user1_.role_id as role_id11_7_1_,
        role2_.id as id1_9_2_,
        role2_.name as name2_9_2_ 
    from
        myproject_db.enterprise enterprise0_ 
    inner join
        myproject_db.user user1_ 
            on enterprise0_.user_id=user1_.id 
    inner join
        role role2_ 
            on user1_.role_id=role2_.id 
    where
        enterprise0_.id=?
2026-05-21 15:16:32.755 [grizzly-http-server-11] DEBUG SQL.logStatement:144 - 
    select
        user0_.id as id1_7_0_,
        user0_.birthdate as birthdat2_7_0_,
        user0_.email as email3_7_0_,
        user0_.firstname as firstnam4_7_0_,
        user0_.active as active5_7_0_,
        user0_.last_password_update as last_pas6_7_0_,
        user0_.lastname as lastname7_7_0_,
        user0_.pwd as pwd8_7_0_,
        user0_.question_id as questio10_7_0_,
        user0_.response as response9_7_0_,
        user0_.role_id as role_id11_7_0_,
        role1_.id as id1_9_1_,
        role1_.name as name2_9_1_ 
    from
        myproject_db.user user0_ 
    inner join
        role role1_ 
            on user0_.role_id=role1_.id 
    where
        user0_.id=?
2026-05-21 15:16:32.760 [grizzly-http-server-11] DEBUG SQL.logStatement:144 - 
    select
        enterprise0_.id as id1_3_2_,
        enterprise0_.description as descript2_3_2_,
        enterprise0_.name as name3_3_2_,
        enterprise0_.sector as sector4_3_2_,
        enterprise0_.siret as siret5_3_2_,
        enterprise0_.user_id as user_id7_3_2_,
        enterprise0_.website as website6_3_2_,
        user1_.id as id1_7_0_,
        user1_.birthdate as birthdat2_7_0_,
        user1_.email as email3_7_0_,
        user1_.firstname as firstnam4_7_0_,
        user1_.active as active5_7_0_,
        user1_.last_password_update as last_pas6_7_0_,
        user1_.lastname as lastname7_7_0_,
        user1_.pwd as pwd8_7_0_,
        user1_.question_id as questio10_7_0_,
        user1_.response as response9_7_0_,
        user1_.role_id as role_id11_7_0_,
        role2_.id as id1_9_1_,
        role2_.name as name2_9_1_ 
    from
        myproject_db.enterprise enterprise0_ 
    inner join
        myproject_db.user user1_ 
            on enterprise0_.user_id=user1_.id 
    left outer join
        role role2_ 
            on user1_.role_id=role2_.id 
    where
        enterprise0_.user_id=?
2026-05-21 15:16:32.788 [grizzly-http-server-11] DEBUG SQL.logStatement:144 - 
    select
        applicatio0_.id as id1_2_0_,
        applicatio0_.apply_date as apply_da2_2_0_,
        applicatio0_.motivation_letter as motivati3_2_0_,
        applicatio0_.offer_id as offer_id5_2_0_,
        applicatio0_.status as status4_2_0_,
        applicatio0_.student_id as student_6_2_0_ 
    from
        myproject_db.application applicatio0_ 
    where
        applicatio0_.id=?
2026-05-21 15:16:32.801 [grizzly-http-server-11] DEBUG SQL.logStatement:144 - 
    select
        internship0_.id as id1_5_0_,
        internship0_.description as descript2_5_0_,
        internship0_.end_date as end_date3_5_0_,
        internship0_.enterprise_id as enterpri9_5_0_,
        internship0_.remuneration as remunera4_5_0_,
        internship0_.start_date as start_da5_5_0_,
        internship0_.status as status6_5_0_,
        internship0_.title as title7_5_0_,
        internship0_.ville as ville8_5_0_ 
    from
        myproject_db.internship_offer internship0_ 
    where
        internship0_.id=?
2026-05-21 15:16:32.805 [grizzly-http-server-11] DEBUG SQL.logStatement:144 - 
    select
        enterprise0_.id as id1_3_0_,
        enterprise0_.description as descript2_3_0_,
        enterprise0_.name as name3_3_0_,
        enterprise0_.sector as sector4_3_0_,
        enterprise0_.siret as siret5_3_0_,
        enterprise0_.user_id as user_id7_3_0_,
        enterprise0_.website as website6_3_0_ 
    from
        myproject_db.enterprise enterprise0_ 
    where
        enterprise0_.id=?
2026-05-21 15:16:32.811 [grizzly-http-server-11] DEBUG SQL.logStatement:144 - 
    select
        user0_.id as id1_7_2_,
        user0_.birthdate as birthdat2_7_2_,
        user0_.email as email3_7_2_,
        user0_.firstname as firstnam4_7_2_,
        user0_.active as active5_7_2_,
        user0_.last_password_update as last_pas6_7_2_,
        user0_.lastname as lastname7_7_2_,
        user0_.pwd as pwd8_7_2_,
        user0_.question_id as questio10_7_2_,
        user0_.response as response9_7_2_,
        user0_.role_id as role_id11_7_2_,
        addresses1_.user_id as user_id8_0_4_,
        addresses1_.id as id1_0_4_,
        addresses1_.id as id1_0_0_,
        addresses1_.city as city2_0_0_,
        addresses1_.country as country3_0_0_,
        addresses1_.number as number4_0_0_,
        addresses1_.postal_code as postal_c5_0_0_,
        addresses1_.street as street6_0_0_,
        addresses1_.type_street as type_str7_0_0_,
        addresses1_.user_id as user_id8_0_0_,
        enterprise2_.id as id1_3_1_,
        enterprise2_.description as descript2_3_1_,
        enterprise2_.name as name3_3_1_,
        enterprise2_.sector as sector4_3_1_,
        enterprise2_.siret as siret5_3_1_,
        enterprise2_.user_id as user_id7_3_1_,
        enterprise2_.website as website6_3_1_ 
    from
        myproject_db.user user0_ 
    left outer join
        myproject_db.address addresses1_ 
            on user0_.id=addresses1_.user_id 
    left outer join
        myproject_db.enterprise enterprise2_ 
            on user0_.id=enterprise2_.user_id 
    where
        user0_.id=?
2026-05-21 15:16:32.823 [grizzly-http-server-11] DEBUG SQL.logStatement:144 - 
    select
        role0_.id as id1_9_0_,
        role0_.name as name2_9_0_ 
    from
        role role0_ 
    where
        role0_.id=?
2026-05-21 15:16:32.825 [grizzly-http-server-11] DEBUG SQL.logStatement:144 - 
    select
        enterprise0_.id as id1_3_2_,
        enterprise0_.description as descript2_3_2_,
        enterprise0_.name as name3_3_2_,
        enterprise0_.sector as sector4_3_2_,
        enterprise0_.siret as siret5_3_2_,
        enterprise0_.user_id as user_id7_3_2_,
        enterprise0_.website as website6_3_2_,
        user1_.id as id1_7_0_,
        user1_.birthdate as birthdat2_7_0_,
        user1_.email as email3_7_0_,
        user1_.firstname as firstnam4_7_0_,
        user1_.active as active5_7_0_,
        user1_.last_password_update as last_pas6_7_0_,
        user1_.lastname as lastname7_7_0_,
        user1_.pwd as pwd8_7_0_,
        user1_.question_id as questio10_7_0_,
        user1_.response as response9_7_0_,
        user1_.role_id as role_id11_7_0_,
        role2_.id as id1_9_1_,
        role2_.name as name2_9_1_ 
    from
        myproject_db.enterprise enterprise0_ 
    inner join
        myproject_db.user user1_ 
            on enterprise0_.user_id=user1_.id 
    left outer join
        role role2_ 
            on user1_.role_id=role2_.id 
    where
        enterprise0_.user_id=?
2026-05-21 15:16:32.830 [grizzly-http-server-11] DEBUG SQL.logStatement:144 - 
    select
        user0_.id as id1_7_2_,
        user0_.birthdate as birthdat2_7_2_,
        user0_.email as email3_7_2_,
        user0_.firstname as firstnam4_7_2_,
        user0_.active as active5_7_2_,
        user0_.last_password_update as last_pas6_7_2_,
        user0_.lastname as lastname7_7_2_,
        user0_.pwd as pwd8_7_2_,
        user0_.question_id as questio10_7_2_,
        user0_.response as response9_7_2_,
        user0_.role_id as role_id11_7_2_,
        addresses1_.user_id as user_id8_0_4_,
        addresses1_.id as id1_0_4_,
        addresses1_.id as id1_0_0_,
        addresses1_.city as city2_0_0_,
        addresses1_.country as country3_0_0_,
        addresses1_.number as number4_0_0_,
        addresses1_.postal_code as postal_c5_0_0_,
        addresses1_.street as street6_0_0_,
        addresses1_.type_street as type_str7_0_0_,
        addresses1_.user_id as user_id8_0_0_,
        enterprise2_.id as id1_3_1_,
        enterprise2_.description as descript2_3_1_,
        enterprise2_.name as name3_3_1_,
        enterprise2_.sector as sector4_3_1_,
        enterprise2_.siret as siret5_3_1_,
        enterprise2_.user_id as user_id7_3_1_,
        enterprise2_.website as website6_3_1_ 
    from
        myproject_db.user user0_ 
    left outer join
        myproject_db.address addresses1_ 
            on user0_.id=addresses1_.user_id 
    left outer join
        myproject_db.enterprise enterprise2_ 
            on user0_.id=enterprise2_.user_id 
    where
        user0_.id=?
2026-05-21 15:16:32.840 [grizzly-http-server-11] DEBUG SQL.logStatement:144 - 
    select
        role0_.id as id1_9_0_,
        role0_.name as name2_9_0_ 
    from
        role role0_ 
    where
        role0_.id=?
2026-05-21 15:16:32.878 [grizzly-http-server-11] DEBUG SQL.logStatement:144 - 
    select
        internship0_.id as id1_4_,
        internship0_.application_id as applicat9_4_,
        internship0_.convention_status as conventi2_4_,
        internship0_.dateDebut as datedebu3_4_,
        internship0_.dateFin as datefin4_4_,
        internship0_.estValide as estvalid5_4_,
        internship0_.missions as missions6_4_,
        internship0_.note_finale as note_fin7_4_,
        internship0_.prof_id as prof_id10_4_,
        internship0_.rapport_tuteur as rapport_8_4_ 
    from
        myproject_db.internship internship0_ 
    where
        internship0_.application_id=?
2026-05-21 15:28:43.876 [main] INFO  Version.logVersion:44 - HHH000412: Hibernate ORM core version 5.6.15.Final
2026-05-21 15:28:44.655 [main] INFO  Version.<clinit>:56 - HCANN000001: Hibernate Commons Annotations {5.1.2.Final}
2026-05-21 15:28:44.828 [main] WARN  pooling.configure:75 - HHH10001002: Using Hibernate built-in connection pool (not for production use!)
2026-05-21 15:28:44.834 [main] INFO  pooling.buildCreator:119 - HHH10001005: using driver [com.mysql.cj.jdbc.Driver] at URL [jdbc:mysql://127.0.0.1:3306/myproject_db?useSSL=false&serverTimezone=UTC&allowPublicKeyRetrieval=true]
2026-05-21 15:28:44.836 [main] INFO  pooling.buildCreator:128 - HHH10001001: Connection properties: {password=****, user=root}
2026-05-21 15:28:44.836 [main] INFO  pooling.buildCreator:132 - HHH10001003: Autocommit mode: false
2026-05-21 15:28:44.841 [main] INFO  DriverManagerConnectionProviderImpl.<init>:322 - HHH000115: Hibernate connection pool size: 20 (min=1)
2026-05-21 15:28:45.124 [main] INFO  Dialect.<init>:175 - HHH000400: Using dialect: org.hibernate.dialect.MySQL8Dialect
2026-05-21 15:28:45.712 [main] INFO  Version.<clinit>:21 - HV000001: Hibernate Validator 6.2.5.Final
2026-05-21 15:28:46.575 [main] INFO  access.getIsolatedConnection:48 - HHH10001501: Connection obtained from JdbcConnectionAccess [org.hibernate.engine.jdbc.env.internal.JdbcEnvironmentInitiator$ConnectionProviderJdbcConnectionAccess@4b033eac] for (non-JTA) DDL execution was not in auto-commit mode; the Connection 'local transaction' will be committed and the Connection will be set into auto-commit mode.
2026-05-21 15:28:46.799 [main] INFO  JtaPlatformInitiator.initiateService:52 - HHH000490: Using JtaPlatform implementation: [org.hibernate.engine.transaction.jta.platform.internal.NoJtaPlatform]
2026-05-21 15:29:06.879 [grizzly-http-server-3] DEBUG UserService.getUserByEmail:90 - getUserByEmail email : tuteur@gmail.com
2026-05-21 15:29:06.918 [grizzly-http-server-3] DEBUG SQL.logStatement:144 - 
    select
        user0_.id as id1_7_,
        user0_.birthdate as birthdat2_7_,
        user0_.email as email3_7_,
        user0_.firstname as firstnam4_7_,
        user0_.active as active5_7_,
        user0_.last_password_update as last_pas6_7_,
        user0_.lastname as lastname7_7_,
        user0_.pwd as pwd8_7_,
        user0_.question_id as questio10_7_,
        user0_.response as response9_7_,
        user0_.role_id as role_id11_7_ 
    from
        myproject_db.user user0_ 
    where
        user0_.email=?
2026-05-21 15:29:06.984 [grizzly-http-server-3] DEBUG SQL.logStatement:144 - 
    select
        role0_.id as id1_9_0_,
        role0_.name as name2_9_0_ 
    from
        role role0_ 
    where
        role0_.id=?
2026-05-21 15:29:06.997 [grizzly-http-server-3] DEBUG SQL.logStatement:144 - 
    select
        enterprise0_.id as id1_3_2_,
        enterprise0_.description as descript2_3_2_,
        enterprise0_.name as name3_3_2_,
        enterprise0_.sector as sector4_3_2_,
        enterprise0_.siret as siret5_3_2_,
        enterprise0_.user_id as user_id7_3_2_,
        enterprise0_.website as website6_3_2_,
        user1_.id as id1_7_0_,
        user1_.birthdate as birthdat2_7_0_,
        user1_.email as email3_7_0_,
        user1_.firstname as firstnam4_7_0_,
        user1_.active as active5_7_0_,
        user1_.last_password_update as last_pas6_7_0_,
        user1_.lastname as lastname7_7_0_,
        user1_.pwd as pwd8_7_0_,
        user1_.question_id as questio10_7_0_,
        user1_.response as response9_7_0_,
        user1_.role_id as role_id11_7_0_,
        role2_.id as id1_9_1_,
        role2_.name as name2_9_1_ 
    from
        myproject_db.enterprise enterprise0_ 
    inner join
        myproject_db.user user1_ 
            on enterprise0_.user_id=user1_.id 
    left outer join
        role role2_ 
            on user1_.role_id=role2_.id 
    where
        enterprise0_.user_id=?
2026-05-21 15:29:08.201 [grizzly-http-server-4] DEBUG SQL.logStatement:144 - 
    select
        enterprise0_.id as id1_3_,
        enterprise0_.description as descript2_3_,
        enterprise0_.name as name3_3_,
        enterprise0_.sector as sector4_3_,
        enterprise0_.siret as siret5_3_,
        enterprise0_.user_id as user_id7_3_,
        enterprise0_.website as website6_3_ 
    from
        myproject_db.enterprise enterprise0_ 
    where
        enterprise0_.user_id=?
2026-05-21 15:29:08.209 [grizzly-http-server-4] DEBUG SQL.logStatement:144 - 
    select
        user0_.id as id1_7_0_,
        user0_.birthdate as birthdat2_7_0_,
        user0_.email as email3_7_0_,
        user0_.firstname as firstnam4_7_0_,
        user0_.active as active5_7_0_,
        user0_.last_password_update as last_pas6_7_0_,
        user0_.lastname as lastname7_7_0_,
        user0_.pwd as pwd8_7_0_,
        user0_.question_id as questio10_7_0_,
        user0_.response as response9_7_0_,
        user0_.role_id as role_id11_7_0_,
        role1_.id as id1_9_1_,
        role1_.name as name2_9_1_ 
    from
        myproject_db.user user0_ 
    inner join
        role role1_ 
            on user0_.role_id=role1_.id 
    where
        user0_.id=?
2026-05-21 15:29:08.213 [grizzly-http-server-4] DEBUG SQL.logStatement:144 - 
    select
        enterprise0_.id as id1_3_2_,
        enterprise0_.description as descript2_3_2_,
        enterprise0_.name as name3_3_2_,
        enterprise0_.sector as sector4_3_2_,
        enterprise0_.siret as siret5_3_2_,
        enterprise0_.user_id as user_id7_3_2_,
        enterprise0_.website as website6_3_2_,
        user1_.id as id1_7_0_,
        user1_.birthdate as birthdat2_7_0_,
        user1_.email as email3_7_0_,
        user1_.firstname as firstnam4_7_0_,
        user1_.active as active5_7_0_,
        user1_.last_password_update as last_pas6_7_0_,
        user1_.lastname as lastname7_7_0_,
        user1_.pwd as pwd8_7_0_,
        user1_.question_id as questio10_7_0_,
        user1_.response as response9_7_0_,
        user1_.role_id as role_id11_7_0_,
        role2_.id as id1_9_1_,
        role2_.name as name2_9_1_ 
    from
        myproject_db.enterprise enterprise0_ 
    inner join
        myproject_db.user user1_ 
            on enterprise0_.user_id=user1_.id 
    left outer join
        role role2_ 
            on user1_.role_id=role2_.id 
    where
        enterprise0_.user_id=?
2026-05-21 15:29:08.233 [grizzly-http-server-5] DEBUG SQL.logStatement:144 - 
    select
        enterprise0_.id as id1_3_,
        enterprise0_.description as descript2_3_,
        enterprise0_.name as name3_3_,
        enterprise0_.sector as sector4_3_,
        enterprise0_.siret as siret5_3_,
        enterprise0_.user_id as user_id7_3_,
        enterprise0_.website as website6_3_ 
    from
        myproject_db.enterprise enterprise0_ 
    where
        enterprise0_.user_id=?
2026-05-21 15:29:08.237 [grizzly-http-server-5] DEBUG SQL.logStatement:144 - 
    select
        user0_.id as id1_7_0_,
        user0_.birthdate as birthdat2_7_0_,
        user0_.email as email3_7_0_,
        user0_.firstname as firstnam4_7_0_,
        user0_.active as active5_7_0_,
        user0_.last_password_update as last_pas6_7_0_,
        user0_.lastname as lastname7_7_0_,
        user0_.pwd as pwd8_7_0_,
        user0_.question_id as questio10_7_0_,
        user0_.response as response9_7_0_,
        user0_.role_id as role_id11_7_0_,
        role1_.id as id1_9_1_,
        role1_.name as name2_9_1_ 
    from
        myproject_db.user user0_ 
    inner join
        role role1_ 
            on user0_.role_id=role1_.id 
    where
        user0_.id=?
2026-05-21 15:29:08.241 [grizzly-http-server-5] DEBUG SQL.logStatement:144 - 
    select
        enterprise0_.id as id1_3_2_,
        enterprise0_.description as descript2_3_2_,
        enterprise0_.name as name3_3_2_,
        enterprise0_.sector as sector4_3_2_,
        enterprise0_.siret as siret5_3_2_,
        enterprise0_.user_id as user_id7_3_2_,
        enterprise0_.website as website6_3_2_,
        user1_.id as id1_7_0_,
        user1_.birthdate as birthdat2_7_0_,
        user1_.email as email3_7_0_,
        user1_.firstname as firstnam4_7_0_,
        user1_.active as active5_7_0_,
        user1_.last_password_update as last_pas6_7_0_,
        user1_.lastname as lastname7_7_0_,
        user1_.pwd as pwd8_7_0_,
        user1_.question_id as questio10_7_0_,
        user1_.response as response9_7_0_,
        user1_.role_id as role_id11_7_0_,
        role2_.id as id1_9_1_,
        role2_.name as name2_9_1_ 
    from
        myproject_db.enterprise enterprise0_ 
    inner join
        myproject_db.user user1_ 
            on enterprise0_.user_id=user1_.id 
    left outer join
        role role2_ 
            on user1_.role_id=role2_.id 
    where
        enterprise0_.user_id=?
2026-05-21 15:29:08.242 [grizzly-http-server-6] DEBUG SQL.logStatement:144 - 
    select
        enterprise0_.id as id1_3_0_,
        enterprise0_.description as descript2_3_0_,
        enterprise0_.name as name3_3_0_,
        enterprise0_.sector as sector4_3_0_,
        enterprise0_.siret as siret5_3_0_,
        enterprise0_.user_id as user_id7_3_0_,
        enterprise0_.website as website6_3_0_,
        user1_.id as id1_7_1_,
        user1_.birthdate as birthdat2_7_1_,
        user1_.email as email3_7_1_,
        user1_.firstname as firstnam4_7_1_,
        user1_.active as active5_7_1_,
        user1_.last_password_update as last_pas6_7_1_,
        user1_.lastname as lastname7_7_1_,
        user1_.pwd as pwd8_7_1_,
        user1_.question_id as questio10_7_1_,
        user1_.response as response9_7_1_,
        user1_.role_id as role_id11_7_1_,
        role2_.id as id1_9_2_,
        role2_.name as name2_9_2_ 
    from
        myproject_db.enterprise enterprise0_ 
    inner join
        myproject_db.user user1_ 
            on enterprise0_.user_id=user1_.id 
    inner join
        role role2_ 
            on user1_.role_id=role2_.id 
    where
        enterprise0_.id=?
2026-05-21 15:29:08.261 [grizzly-http-server-6] DEBUG SQL.logStatement:144 - 
    select
        internship0_.id as id1_5_,
        internship0_.description as descript2_5_,
        internship0_.end_date as end_date3_5_,
        internship0_.enterprise_id as enterpri9_5_,
        internship0_.remuneration as remunera4_5_,
        internship0_.start_date as start_da5_5_,
        internship0_.status as status6_5_,
        internship0_.title as title7_5_,
        internship0_.ville as ville8_5_ 
    from
        myproject_db.internship_offer internship0_ 
    where
        internship0_.enterprise_id=?
2026-05-21 15:29:08.267 [grizzly-http-server-6] DEBUG SQL.logStatement:144 - 
    select
        enterprise0_.id as id1_3_0_,
        enterprise0_.description as descript2_3_0_,
        enterprise0_.name as name3_3_0_,
        enterprise0_.sector as sector4_3_0_,
        enterprise0_.siret as siret5_3_0_,
        enterprise0_.user_id as user_id7_3_0_,
        enterprise0_.website as website6_3_0_,
        user1_.id as id1_7_1_,
        user1_.birthdate as birthdat2_7_1_,
        user1_.email as email3_7_1_,
        user1_.firstname as firstnam4_7_1_,
        user1_.active as active5_7_1_,
        user1_.last_password_update as last_pas6_7_1_,
        user1_.lastname as lastname7_7_1_,
        user1_.pwd as pwd8_7_1_,
        user1_.question_id as questio10_7_1_,
        user1_.response as response9_7_1_,
        user1_.role_id as role_id11_7_1_,
        role2_.id as id1_9_2_,
        role2_.name as name2_9_2_ 
    from
        myproject_db.enterprise enterprise0_ 
    inner join
        myproject_db.user user1_ 
            on enterprise0_.user_id=user1_.id 
    inner join
        role role2_ 
            on user1_.role_id=role2_.id 
    where
        enterprise0_.id=?
2026-05-21 15:29:08.287 [grizzly-http-server-7] DEBUG SQL.logStatement:144 - 
    select
        enterprise0_.id as id1_3_0_,
        enterprise0_.description as descript2_3_0_,
        enterprise0_.name as name3_3_0_,
        enterprise0_.sector as sector4_3_0_,
        enterprise0_.siret as siret5_3_0_,
        enterprise0_.user_id as user_id7_3_0_,
        enterprise0_.website as website6_3_0_,
        user1_.id as id1_7_1_,
        user1_.birthdate as birthdat2_7_1_,
        user1_.email as email3_7_1_,
        user1_.firstname as firstnam4_7_1_,
        user1_.active as active5_7_1_,
        user1_.last_password_update as last_pas6_7_1_,
        user1_.lastname as lastname7_7_1_,
        user1_.pwd as pwd8_7_1_,
        user1_.question_id as questio10_7_1_,
        user1_.response as response9_7_1_,
        user1_.role_id as role_id11_7_1_,
        role2_.id as id1_9_2_,
        role2_.name as name2_9_2_ 
    from
        myproject_db.enterprise enterprise0_ 
    inner join
        myproject_db.user user1_ 
            on enterprise0_.user_id=user1_.id 
    inner join
        role role2_ 
            on user1_.role_id=role2_.id 
    where
        enterprise0_.id=?
2026-05-21 15:29:08.294 [grizzly-http-server-7] DEBUG SQL.logStatement:144 - 
    select
        internship0_.id as id1_5_,
        internship0_.description as descript2_5_,
        internship0_.end_date as end_date3_5_,
        internship0_.enterprise_id as enterpri9_5_,
        internship0_.remuneration as remunera4_5_,
        internship0_.start_date as start_da5_5_,
        internship0_.status as status6_5_,
        internship0_.title as title7_5_,
        internship0_.ville as ville8_5_ 
    from
        myproject_db.internship_offer internship0_ 
    where
        internship0_.enterprise_id=?
2026-05-21 15:29:08.298 [grizzly-http-server-7] DEBUG SQL.logStatement:144 - 
    select
        enterprise0_.id as id1_3_0_,
        enterprise0_.description as descript2_3_0_,
        enterprise0_.name as name3_3_0_,
        enterprise0_.sector as sector4_3_0_,
        enterprise0_.siret as siret5_3_0_,
        enterprise0_.user_id as user_id7_3_0_,
        enterprise0_.website as website6_3_0_,
        user1_.id as id1_7_1_,
        user1_.birthdate as birthdat2_7_1_,
        user1_.email as email3_7_1_,
        user1_.firstname as firstnam4_7_1_,
        user1_.active as active5_7_1_,
        user1_.last_password_update as last_pas6_7_1_,
        user1_.lastname as lastname7_7_1_,
        user1_.pwd as pwd8_7_1_,
        user1_.question_id as questio10_7_1_,
        user1_.response as response9_7_1_,
        user1_.role_id as role_id11_7_1_,
        role2_.id as id1_9_2_,
        role2_.name as name2_9_2_ 
    from
        myproject_db.enterprise enterprise0_ 
    inner join
        myproject_db.user user1_ 
            on enterprise0_.user_id=user1_.id 
    inner join
        role role2_ 
            on user1_.role_id=role2_.id 
    where
        enterprise0_.id=?
2026-05-21 15:29:09.663 [grizzly-http-server-8] DEBUG SQL.logStatement:144 - 
    select
        applicatio0_.id as id1_2_0_,
        internship1_.id as id1_5_1_,
        applicatio0_.apply_date as apply_da2_2_0_,
        applicatio0_.motivation_letter as motivati3_2_0_,
        applicatio0_.offer_id as offer_id5_2_0_,
        applicatio0_.status as status4_2_0_,
        applicatio0_.student_id as student_6_2_0_,
        internship1_.description as descript2_5_1_,
        internship1_.end_date as end_date3_5_1_,
        internship1_.enterprise_id as enterpri9_5_1_,
        internship1_.remuneration as remunera4_5_1_,
        internship1_.start_date as start_da5_5_1_,
        internship1_.status as status6_5_1_,
        internship1_.title as title7_5_1_,
        internship1_.ville as ville8_5_1_ 
    from
        myproject_db.application applicatio0_ 
    inner join
        myproject_db.internship_offer internship1_ 
            on applicatio0_.offer_id=internship1_.id 
    where
        applicatio0_.offer_id=?
2026-05-21 15:29:09.663 [grizzly-http-server-9] DEBUG SQL.logStatement:144 - 
    select
        applicatio0_.id as id1_2_0_,
        internship1_.id as id1_5_1_,
        applicatio0_.apply_date as apply_da2_2_0_,
        applicatio0_.motivation_letter as motivati3_2_0_,
        applicatio0_.offer_id as offer_id5_2_0_,
        applicatio0_.status as status4_2_0_,
        applicatio0_.student_id as student_6_2_0_,
        internship1_.description as descript2_5_1_,
        internship1_.end_date as end_date3_5_1_,
        internship1_.enterprise_id as enterpri9_5_1_,
        internship1_.remuneration as remunera4_5_1_,
        internship1_.start_date as start_da5_5_1_,
        internship1_.status as status6_5_1_,
        internship1_.title as title7_5_1_,
        internship1_.ville as ville8_5_1_ 
    from
        myproject_db.application applicatio0_ 
    inner join
        myproject_db.internship_offer internship1_ 
            on applicatio0_.offer_id=internship1_.id 
    where
        applicatio0_.offer_id=?
2026-05-21 15:29:09.671 [grizzly-http-server-8] DEBUG SQL.logStatement:144 - 
    select
        user0_.id as id1_7_0_,
        user0_.birthdate as birthdat2_7_0_,
        user0_.email as email3_7_0_,
        user0_.firstname as firstnam4_7_0_,
        user0_.active as active5_7_0_,
        user0_.last_password_update as last_pas6_7_0_,
        user0_.lastname as lastname7_7_0_,
        user0_.pwd as pwd8_7_0_,
        user0_.question_id as questio10_7_0_,
        user0_.response as response9_7_0_,
        user0_.role_id as role_id11_7_0_,
        role1_.id as id1_9_1_,
        role1_.name as name2_9_1_ 
    from
        myproject_db.user user0_ 
    inner join
        role role1_ 
            on user0_.role_id=role1_.id 
    where
        user0_.id=?
2026-05-21 15:29:09.671 [grizzly-http-server-9] DEBUG SQL.logStatement:144 - 
    select
        user0_.id as id1_7_0_,
        user0_.birthdate as birthdat2_7_0_,
        user0_.email as email3_7_0_,
        user0_.firstname as firstnam4_7_0_,
        user0_.active as active5_7_0_,
        user0_.last_password_update as last_pas6_7_0_,
        user0_.lastname as lastname7_7_0_,
        user0_.pwd as pwd8_7_0_,
        user0_.question_id as questio10_7_0_,
        user0_.response as response9_7_0_,
        user0_.role_id as role_id11_7_0_,
        role1_.id as id1_9_1_,
        role1_.name as name2_9_1_ 
    from
        myproject_db.user user0_ 
    inner join
        role role1_ 
            on user0_.role_id=role1_.id 
    where
        user0_.id=?
2026-05-21 15:29:09.678 [grizzly-http-server-8] DEBUG SQL.logStatement:144 - 
    select
        enterprise0_.id as id1_3_2_,
        enterprise0_.description as descript2_3_2_,
        enterprise0_.name as name3_3_2_,
        enterprise0_.sector as sector4_3_2_,
        enterprise0_.siret as siret5_3_2_,
        enterprise0_.user_id as user_id7_3_2_,
        enterprise0_.website as website6_3_2_,
        user1_.id as id1_7_0_,
        user1_.birthdate as birthdat2_7_0_,
        user1_.email as email3_7_0_,
        user1_.firstname as firstnam4_7_0_,
        user1_.active as active5_7_0_,
        user1_.last_password_update as last_pas6_7_0_,
        user1_.lastname as lastname7_7_0_,
        user1_.pwd as pwd8_7_0_,
        user1_.question_id as questio10_7_0_,
        user1_.response as response9_7_0_,
        user1_.role_id as role_id11_7_0_,
        role2_.id as id1_9_1_,
        role2_.name as name2_9_1_ 
    from
        myproject_db.enterprise enterprise0_ 
    inner join
        myproject_db.user user1_ 
            on enterprise0_.user_id=user1_.id 
    left outer join
        role role2_ 
            on user1_.role_id=role2_.id 
    where
        enterprise0_.user_id=?
2026-05-21 15:29:09.678 [grizzly-http-server-9] DEBUG SQL.logStatement:144 - 
    select
        enterprise0_.id as id1_3_2_,
        enterprise0_.description as descript2_3_2_,
        enterprise0_.name as name3_3_2_,
        enterprise0_.sector as sector4_3_2_,
        enterprise0_.siret as siret5_3_2_,
        enterprise0_.user_id as user_id7_3_2_,
        enterprise0_.website as website6_3_2_,
        user1_.id as id1_7_0_,
        user1_.birthdate as birthdat2_7_0_,
        user1_.email as email3_7_0_,
        user1_.firstname as firstnam4_7_0_,
        user1_.active as active5_7_0_,
        user1_.last_password_update as last_pas6_7_0_,
        user1_.lastname as lastname7_7_0_,
        user1_.pwd as pwd8_7_0_,
        user1_.question_id as questio10_7_0_,
        user1_.response as response9_7_0_,
        user1_.role_id as role_id11_7_0_,
        role2_.id as id1_9_1_,
        role2_.name as name2_9_1_ 
    from
        myproject_db.enterprise enterprise0_ 
    inner join
        myproject_db.user user1_ 
            on enterprise0_.user_id=user1_.id 
    left outer join
        role role2_ 
            on user1_.role_id=role2_.id 
    where
        enterprise0_.user_id=?
2026-05-21 15:29:09.682 [grizzly-http-server-8] DEBUG SQL.logStatement:144 - 
    select
        enterprise0_.id as id1_3_0_,
        enterprise0_.description as descript2_3_0_,
        enterprise0_.name as name3_3_0_,
        enterprise0_.sector as sector4_3_0_,
        enterprise0_.siret as siret5_3_0_,
        enterprise0_.user_id as user_id7_3_0_,
        enterprise0_.website as website6_3_0_,
        user1_.id as id1_7_1_,
        user1_.birthdate as birthdat2_7_1_,
        user1_.email as email3_7_1_,
        user1_.firstname as firstnam4_7_1_,
        user1_.active as active5_7_1_,
        user1_.last_password_update as last_pas6_7_1_,
        user1_.lastname as lastname7_7_1_,
        user1_.pwd as pwd8_7_1_,
        user1_.question_id as questio10_7_1_,
        user1_.response as response9_7_1_,
        user1_.role_id as role_id11_7_1_,
        role2_.id as id1_9_2_,
        role2_.name as name2_9_2_ 
    from
        myproject_db.enterprise enterprise0_ 
    inner join
        myproject_db.user user1_ 
            on enterprise0_.user_id=user1_.id 
    inner join
        role role2_ 
            on user1_.role_id=role2_.id 
    where
        enterprise0_.id=?
2026-05-21 15:29:09.682 [grizzly-http-server-9] DEBUG SQL.logStatement:144 - 
    select
        enterprise0_.id as id1_3_0_,
        enterprise0_.description as descript2_3_0_,
        enterprise0_.name as name3_3_0_,
        enterprise0_.sector as sector4_3_0_,
        enterprise0_.siret as siret5_3_0_,
        enterprise0_.user_id as user_id7_3_0_,
        enterprise0_.website as website6_3_0_,
        user1_.id as id1_7_1_,
        user1_.birthdate as birthdat2_7_1_,
        user1_.email as email3_7_1_,
        user1_.firstname as firstnam4_7_1_,
        user1_.active as active5_7_1_,
        user1_.last_password_update as last_pas6_7_1_,
        user1_.lastname as lastname7_7_1_,
        user1_.pwd as pwd8_7_1_,
        user1_.question_id as questio10_7_1_,
        user1_.response as response9_7_1_,
        user1_.role_id as role_id11_7_1_,
        role2_.id as id1_9_2_,
        role2_.name as name2_9_2_ 
    from
        myproject_db.enterprise enterprise0_ 
    inner join
        myproject_db.user user1_ 
            on enterprise0_.user_id=user1_.id 
    inner join
        role role2_ 
            on user1_.role_id=role2_.id 
    where
        enterprise0_.id=?
2026-05-21 15:29:09.682 [grizzly-http-server-9] DEBUG SQL.logStatement:144 - 
    select
        user0_.id as id1_7_0_,
        user0_.birthdate as birthdat2_7_0_,
        user0_.email as email3_7_0_,
        user0_.firstname as firstnam4_7_0_,
        user0_.active as active5_7_0_,
        user0_.last_password_update as last_pas6_7_0_,
        user0_.lastname as lastname7_7_0_,
        user0_.pwd as pwd8_7_0_,
        user0_.question_id as questio10_7_0_,
        user0_.response as response9_7_0_,
        user0_.role_id as role_id11_7_0_,
        role1_.id as id1_9_1_,
        role1_.name as name2_9_1_ 
    from
        myproject_db.user user0_ 
    inner join
        role role1_ 
            on user0_.role_id=role1_.id 
    where
        user0_.id=?
2026-05-21 15:29:09.682 [grizzly-http-server-8] DEBUG SQL.logStatement:144 - 
    select
        user0_.id as id1_7_0_,
        user0_.birthdate as birthdat2_7_0_,
        user0_.email as email3_7_0_,
        user0_.firstname as firstnam4_7_0_,
        user0_.active as active5_7_0_,
        user0_.last_password_update as last_pas6_7_0_,
        user0_.lastname as lastname7_7_0_,
        user0_.pwd as pwd8_7_0_,
        user0_.question_id as questio10_7_0_,
        user0_.response as response9_7_0_,
        user0_.role_id as role_id11_7_0_,
        role1_.id as id1_9_1_,
        role1_.name as name2_9_1_ 
    from
        myproject_db.user user0_ 
    inner join
        role role1_ 
            on user0_.role_id=role1_.id 
    where
        user0_.id=?
2026-05-21 15:29:09.688 [grizzly-http-server-8] DEBUG SQL.logStatement:144 - 
    select
        enterprise0_.id as id1_3_2_,
        enterprise0_.description as descript2_3_2_,
        enterprise0_.name as name3_3_2_,
        enterprise0_.sector as sector4_3_2_,
        enterprise0_.siret as siret5_3_2_,
        enterprise0_.user_id as user_id7_3_2_,
        enterprise0_.website as website6_3_2_,
        user1_.id as id1_7_0_,
        user1_.birthdate as birthdat2_7_0_,
        user1_.email as email3_7_0_,
        user1_.firstname as firstnam4_7_0_,
        user1_.active as active5_7_0_,
        user1_.last_password_update as last_pas6_7_0_,
        user1_.lastname as lastname7_7_0_,
        user1_.pwd as pwd8_7_0_,
        user1_.question_id as questio10_7_0_,
        user1_.response as response9_7_0_,
        user1_.role_id as role_id11_7_0_,
        role2_.id as id1_9_1_,
        role2_.name as name2_9_1_ 
    from
        myproject_db.enterprise enterprise0_ 
    inner join
        myproject_db.user user1_ 
            on enterprise0_.user_id=user1_.id 
    left outer join
        role role2_ 
            on user1_.role_id=role2_.id 
    where
        enterprise0_.user_id=?
2026-05-21 15:29:09.691 [grizzly-http-server-9] DEBUG SQL.logStatement:144 - 
    select
        enterprise0_.id as id1_3_2_,
        enterprise0_.description as descript2_3_2_,
        enterprise0_.name as name3_3_2_,
        enterprise0_.sector as sector4_3_2_,
        enterprise0_.siret as siret5_3_2_,
        enterprise0_.user_id as user_id7_3_2_,
        enterprise0_.website as website6_3_2_,
        user1_.id as id1_7_0_,
        user1_.birthdate as birthdat2_7_0_,
        user1_.email as email3_7_0_,
        user1_.firstname as firstnam4_7_0_,
        user1_.active as active5_7_0_,
        user1_.last_password_update as last_pas6_7_0_,
        user1_.lastname as lastname7_7_0_,
        user1_.pwd as pwd8_7_0_,
        user1_.question_id as questio10_7_0_,
        user1_.response as response9_7_0_,
        user1_.role_id as role_id11_7_0_,
        role2_.id as id1_9_1_,
        role2_.name as name2_9_1_ 
    from
        myproject_db.enterprise enterprise0_ 
    inner join
        myproject_db.user user1_ 
            on enterprise0_.user_id=user1_.id 
    left outer join
        role role2_ 
            on user1_.role_id=role2_.id 
    where
        enterprise0_.user_id=?
2026-05-21 15:29:13.196 [grizzly-http-server-11] DEBUG SQL.logStatement:144 - 
    select
        applicatio0_.id as id1_2_0_,
        applicatio0_.apply_date as apply_da2_2_0_,
        applicatio0_.motivation_letter as motivati3_2_0_,
        applicatio0_.offer_id as offer_id5_2_0_,
        applicatio0_.status as status4_2_0_,
        applicatio0_.student_id as student_6_2_0_,
        internship1_.id as id1_5_1_,
        internship1_.description as descript2_5_1_,
        internship1_.end_date as end_date3_5_1_,
        internship1_.enterprise_id as enterpri9_5_1_,
        internship1_.remuneration as remunera4_5_1_,
        internship1_.start_date as start_da5_5_1_,
        internship1_.status as status6_5_1_,
        internship1_.title as title7_5_1_,
        internship1_.ville as ville8_5_1_,
        enterprise2_.id as id1_3_2_,
        enterprise2_.description as descript2_3_2_,
        enterprise2_.name as name3_3_2_,
        enterprise2_.sector as sector4_3_2_,
        enterprise2_.siret as siret5_3_2_,
        enterprise2_.user_id as user_id7_3_2_,
        enterprise2_.website as website6_3_2_,
        user3_.id as id1_7_3_,
        user3_.birthdate as birthdat2_7_3_,
        user3_.email as email3_7_3_,
        user3_.firstname as firstnam4_7_3_,
        user3_.active as active5_7_3_,
        user3_.last_password_update as last_pas6_7_3_,
        user3_.lastname as lastname7_7_3_,
        user3_.pwd as pwd8_7_3_,
        user3_.question_id as questio10_7_3_,
        user3_.response as response9_7_3_,
        user3_.role_id as role_id11_7_3_,
        role4_.id as id1_9_4_,
        role4_.name as name2_9_4_ 
    from
        myproject_db.application applicatio0_ 
    inner join
        myproject_db.internship_offer internship1_ 
            on applicatio0_.offer_id=internship1_.id 
    inner join
        myproject_db.enterprise enterprise2_ 
            on internship1_.enterprise_id=enterprise2_.id 
    inner join
        myproject_db.user user3_ 
            on applicatio0_.student_id=user3_.id 
    inner join
        role role4_ 
            on user3_.role_id=role4_.id 
    where
        applicatio0_.id=?
2026-05-21 15:29:13.210 [grizzly-http-server-11] DEBUG SQL.logStatement:144 - 
    select
        user0_.id as id1_7_0_,
        user0_.birthdate as birthdat2_7_0_,
        user0_.email as email3_7_0_,
        user0_.firstname as firstnam4_7_0_,
        user0_.active as active5_7_0_,
        user0_.last_password_update as last_pas6_7_0_,
        user0_.lastname as lastname7_7_0_,
        user0_.pwd as pwd8_7_0_,
        user0_.question_id as questio10_7_0_,
        user0_.response as response9_7_0_,
        user0_.role_id as role_id11_7_0_,
        role1_.id as id1_9_1_,
        role1_.name as name2_9_1_ 
    from
        myproject_db.user user0_ 
    inner join
        role role1_ 
            on user0_.role_id=role1_.id 
    where
        user0_.id=?
2026-05-21 15:29:13.212 [grizzly-http-server-11] DEBUG SQL.logStatement:144 - 
    select
        enterprise0_.id as id1_3_2_,
        enterprise0_.description as descript2_3_2_,
        enterprise0_.name as name3_3_2_,
        enterprise0_.sector as sector4_3_2_,
        enterprise0_.siret as siret5_3_2_,
        enterprise0_.user_id as user_id7_3_2_,
        enterprise0_.website as website6_3_2_,
        user1_.id as id1_7_0_,
        user1_.birthdate as birthdat2_7_0_,
        user1_.email as email3_7_0_,
        user1_.firstname as firstnam4_7_0_,
        user1_.active as active5_7_0_,
        user1_.last_password_update as last_pas6_7_0_,
        user1_.lastname as lastname7_7_0_,
        user1_.pwd as pwd8_7_0_,
        user1_.question_id as questio10_7_0_,
        user1_.response as response9_7_0_,
        user1_.role_id as role_id11_7_0_,
        role2_.id as id1_9_1_,
        role2_.name as name2_9_1_ 
    from
        myproject_db.enterprise enterprise0_ 
    inner join
        myproject_db.user user1_ 
            on enterprise0_.user_id=user1_.id 
    left outer join
        role role2_ 
            on user1_.role_id=role2_.id 
    where
        enterprise0_.user_id=?
2026-05-21 15:29:13.219 [grizzly-http-server-11] DEBUG SQL.logStatement:144 - 
    select
        enterprise0_.id as id1_3_2_,
        enterprise0_.description as descript2_3_2_,
        enterprise0_.name as name3_3_2_,
        enterprise0_.sector as sector4_3_2_,
        enterprise0_.siret as siret5_3_2_,
        enterprise0_.user_id as user_id7_3_2_,
        enterprise0_.website as website6_3_2_,
        user1_.id as id1_7_0_,
        user1_.birthdate as birthdat2_7_0_,
        user1_.email as email3_7_0_,
        user1_.firstname as firstnam4_7_0_,
        user1_.active as active5_7_0_,
        user1_.last_password_update as last_pas6_7_0_,
        user1_.lastname as lastname7_7_0_,
        user1_.pwd as pwd8_7_0_,
        user1_.question_id as questio10_7_0_,
        user1_.response as response9_7_0_,
        user1_.role_id as role_id11_7_0_,
        role2_.id as id1_9_1_,
        role2_.name as name2_9_1_ 
    from
        myproject_db.enterprise enterprise0_ 
    inner join
        myproject_db.user user1_ 
            on enterprise0_.user_id=user1_.id 
    left outer join
        role role2_ 
            on user1_.role_id=role2_.id 
    where
        enterprise0_.user_id=?
2026-05-21 15:29:13.219 [grizzly-http-server-11] DEBUG SQL.logStatement:144 - 
    select
        applicatio0_.id as id1_2_0_,
        internship1_.id as id1_5_1_,
        applicatio0_.apply_date as apply_da2_2_0_,
        applicatio0_.motivation_letter as motivati3_2_0_,
        applicatio0_.offer_id as offer_id5_2_0_,
        applicatio0_.status as status4_2_0_,
        applicatio0_.student_id as student_6_2_0_,
        internship1_.description as descript2_5_1_,
        internship1_.end_date as end_date3_5_1_,
        internship1_.enterprise_id as enterpri9_5_1_,
        internship1_.remuneration as remunera4_5_1_,
        internship1_.start_date as start_da5_5_1_,
        internship1_.status as status6_5_1_,
        internship1_.title as title7_5_1_,
        internship1_.ville as ville8_5_1_ 
    from
        myproject_db.application applicatio0_ 
    inner join
        myproject_db.internship_offer internship1_ 
            on applicatio0_.offer_id=internship1_.id 
    where
        applicatio0_.offer_id=?
2026-05-21 15:29:13.228 [grizzly-http-server-11] DEBUG SQL.logStatement:144 - 
    select
        user0_.id as id1_7_0_,
        user0_.birthdate as birthdat2_7_0_,
        user0_.email as email3_7_0_,
        user0_.firstname as firstnam4_7_0_,
        user0_.active as active5_7_0_,
        user0_.last_password_update as last_pas6_7_0_,
        user0_.lastname as lastname7_7_0_,
        user0_.pwd as pwd8_7_0_,
        user0_.question_id as questio10_7_0_,
        user0_.response as response9_7_0_,
        user0_.role_id as role_id11_7_0_,
        role1_.id as id1_9_1_,
        role1_.name as name2_9_1_ 
    from
        myproject_db.user user0_ 
    inner join
        role role1_ 
            on user0_.role_id=role1_.id 
    where
        user0_.id=?
2026-05-21 15:29:13.228 [grizzly-http-server-11] DEBUG SQL.logStatement:144 - 
    select
        enterprise0_.id as id1_3_2_,
        enterprise0_.description as descript2_3_2_,
        enterprise0_.name as name3_3_2_,
        enterprise0_.sector as sector4_3_2_,
        enterprise0_.siret as siret5_3_2_,
        enterprise0_.user_id as user_id7_3_2_,
        enterprise0_.website as website6_3_2_,
        user1_.id as id1_7_0_,
        user1_.birthdate as birthdat2_7_0_,
        user1_.email as email3_7_0_,
        user1_.firstname as firstnam4_7_0_,
        user1_.active as active5_7_0_,
        user1_.last_password_update as last_pas6_7_0_,
        user1_.lastname as lastname7_7_0_,
        user1_.pwd as pwd8_7_0_,
        user1_.question_id as questio10_7_0_,
        user1_.response as response9_7_0_,
        user1_.role_id as role_id11_7_0_,
        role2_.id as id1_9_1_,
        role2_.name as name2_9_1_ 
    from
        myproject_db.enterprise enterprise0_ 
    inner join
        myproject_db.user user1_ 
            on enterprise0_.user_id=user1_.id 
    left outer join
        role role2_ 
            on user1_.role_id=role2_.id 
    where
        enterprise0_.user_id=?
2026-05-21 15:29:13.233 [grizzly-http-server-11] DEBUG SQL.logStatement:144 - 
    select
        enterprise0_.id as id1_3_0_,
        enterprise0_.description as descript2_3_0_,
        enterprise0_.name as name3_3_0_,
        enterprise0_.sector as sector4_3_0_,
        enterprise0_.siret as siret5_3_0_,
        enterprise0_.user_id as user_id7_3_0_,
        enterprise0_.website as website6_3_0_,
        user1_.id as id1_7_1_,
        user1_.birthdate as birthdat2_7_1_,
        user1_.email as email3_7_1_,
        user1_.firstname as firstnam4_7_1_,
        user1_.active as active5_7_1_,
        user1_.last_password_update as last_pas6_7_1_,
        user1_.lastname as lastname7_7_1_,
        user1_.pwd as pwd8_7_1_,
        user1_.question_id as questio10_7_1_,
        user1_.response as response9_7_1_,
        user1_.role_id as role_id11_7_1_,
        role2_.id as id1_9_2_,
        role2_.name as name2_9_2_ 
    from
        myproject_db.enterprise enterprise0_ 
    inner join
        myproject_db.user user1_ 
            on enterprise0_.user_id=user1_.id 
    inner join
        role role2_ 
            on user1_.role_id=role2_.id 
    where
        enterprise0_.id=?
2026-05-21 15:29:13.238 [grizzly-http-server-11] DEBUG SQL.logStatement:144 - 
    select
        user0_.id as id1_7_0_,
        user0_.birthdate as birthdat2_7_0_,
        user0_.email as email3_7_0_,
        user0_.firstname as firstnam4_7_0_,
        user0_.active as active5_7_0_,
        user0_.last_password_update as last_pas6_7_0_,
        user0_.lastname as lastname7_7_0_,
        user0_.pwd as pwd8_7_0_,
        user0_.question_id as questio10_7_0_,
        user0_.response as response9_7_0_,
        user0_.role_id as role_id11_7_0_,
        role1_.id as id1_9_1_,
        role1_.name as name2_9_1_ 
    from
        myproject_db.user user0_ 
    inner join
        role role1_ 
            on user0_.role_id=role1_.id 
    where
        user0_.id=?
2026-05-21 15:29:13.241 [grizzly-http-server-11] DEBUG SQL.logStatement:144 - 
    select
        enterprise0_.id as id1_3_2_,
        enterprise0_.description as descript2_3_2_,
        enterprise0_.name as name3_3_2_,
        enterprise0_.sector as sector4_3_2_,
        enterprise0_.siret as siret5_3_2_,
        enterprise0_.user_id as user_id7_3_2_,
        enterprise0_.website as website6_3_2_,
        user1_.id as id1_7_0_,
        user1_.birthdate as birthdat2_7_0_,
        user1_.email as email3_7_0_,
        user1_.firstname as firstnam4_7_0_,
        user1_.active as active5_7_0_,
        user1_.last_password_update as last_pas6_7_0_,
        user1_.lastname as lastname7_7_0_,
        user1_.pwd as pwd8_7_0_,
        user1_.question_id as questio10_7_0_,
        user1_.response as response9_7_0_,
        user1_.role_id as role_id11_7_0_,
        role2_.id as id1_9_1_,
        role2_.name as name2_9_1_ 
    from
        myproject_db.enterprise enterprise0_ 
    inner join
        myproject_db.user user1_ 
            on enterprise0_.user_id=user1_.id 
    left outer join
        role role2_ 
            on user1_.role_id=role2_.id 
    where
        enterprise0_.user_id=?
2026-05-21 15:29:13.262 [grizzly-http-server-11] DEBUG SQL.logStatement:144 - 
    select
        applicatio0_.id as id1_2_0_,
        applicatio0_.apply_date as apply_da2_2_0_,
        applicatio0_.motivation_letter as motivati3_2_0_,
        applicatio0_.offer_id as offer_id5_2_0_,
        applicatio0_.status as status4_2_0_,
        applicatio0_.student_id as student_6_2_0_ 
    from
        myproject_db.application applicatio0_ 
    where
        applicatio0_.id=?
2026-05-21 15:29:13.262 [grizzly-http-server-11] DEBUG SQL.logStatement:144 - 
    select
        internship0_.id as id1_5_0_,
        internship0_.description as descript2_5_0_,
        internship0_.end_date as end_date3_5_0_,
        internship0_.enterprise_id as enterpri9_5_0_,
        internship0_.remuneration as remunera4_5_0_,
        internship0_.start_date as start_da5_5_0_,
        internship0_.status as status6_5_0_,
        internship0_.title as title7_5_0_,
        internship0_.ville as ville8_5_0_ 
    from
        myproject_db.internship_offer internship0_ 
    where
        internship0_.id=?
2026-05-21 15:29:13.274 [grizzly-http-server-11] DEBUG SQL.logStatement:144 - 
    select
        enterprise0_.id as id1_3_0_,
        enterprise0_.description as descript2_3_0_,
        enterprise0_.name as name3_3_0_,
        enterprise0_.sector as sector4_3_0_,
        enterprise0_.siret as siret5_3_0_,
        enterprise0_.user_id as user_id7_3_0_,
        enterprise0_.website as website6_3_0_ 
    from
        myproject_db.enterprise enterprise0_ 
    where
        enterprise0_.id=?
2026-05-21 15:29:13.276 [grizzly-http-server-11] DEBUG SQL.logStatement:144 - 
    select
        user0_.id as id1_7_2_,
        user0_.birthdate as birthdat2_7_2_,
        user0_.email as email3_7_2_,
        user0_.firstname as firstnam4_7_2_,
        user0_.active as active5_7_2_,
        user0_.last_password_update as last_pas6_7_2_,
        user0_.lastname as lastname7_7_2_,
        user0_.pwd as pwd8_7_2_,
        user0_.question_id as questio10_7_2_,
        user0_.response as response9_7_2_,
        user0_.role_id as role_id11_7_2_,
        addresses1_.user_id as user_id8_0_4_,
        addresses1_.id as id1_0_4_,
        addresses1_.id as id1_0_0_,
        addresses1_.city as city2_0_0_,
        addresses1_.country as country3_0_0_,
        addresses1_.number as number4_0_0_,
        addresses1_.postal_code as postal_c5_0_0_,
        addresses1_.street as street6_0_0_,
        addresses1_.type_street as type_str7_0_0_,
        addresses1_.user_id as user_id8_0_0_,
        enterprise2_.id as id1_3_1_,
        enterprise2_.description as descript2_3_1_,
        enterprise2_.name as name3_3_1_,
        enterprise2_.sector as sector4_3_1_,
        enterprise2_.siret as siret5_3_1_,
        enterprise2_.user_id as user_id7_3_1_,
        enterprise2_.website as website6_3_1_ 
    from
        myproject_db.user user0_ 
    left outer join
        myproject_db.address addresses1_ 
            on user0_.id=addresses1_.user_id 
    left outer join
        myproject_db.enterprise enterprise2_ 
            on user0_.id=enterprise2_.user_id 
    where
        user0_.id=?
2026-05-21 15:29:13.283 [grizzly-http-server-11] DEBUG SQL.logStatement:144 - 
    select
        role0_.id as id1_9_0_,
        role0_.name as name2_9_0_ 
    from
        role role0_ 
    where
        role0_.id=?
2026-05-21 15:29:13.286 [grizzly-http-server-11] DEBUG SQL.logStatement:144 - 
    select
        enterprise0_.id as id1_3_2_,
        enterprise0_.description as descript2_3_2_,
        enterprise0_.name as name3_3_2_,
        enterprise0_.sector as sector4_3_2_,
        enterprise0_.siret as siret5_3_2_,
        enterprise0_.user_id as user_id7_3_2_,
        enterprise0_.website as website6_3_2_,
        user1_.id as id1_7_0_,
        user1_.birthdate as birthdat2_7_0_,
        user1_.email as email3_7_0_,
        user1_.firstname as firstnam4_7_0_,
        user1_.active as active5_7_0_,
        user1_.last_password_update as last_pas6_7_0_,
        user1_.lastname as lastname7_7_0_,
        user1_.pwd as pwd8_7_0_,
        user1_.question_id as questio10_7_0_,
        user1_.response as response9_7_0_,
        user1_.role_id as role_id11_7_0_,
        role2_.id as id1_9_1_,
        role2_.name as name2_9_1_ 
    from
        myproject_db.enterprise enterprise0_ 
    inner join
        myproject_db.user user1_ 
            on enterprise0_.user_id=user1_.id 
    left outer join
        role role2_ 
            on user1_.role_id=role2_.id 
    where
        enterprise0_.user_id=?
2026-05-21 15:29:13.291 [grizzly-http-server-11] DEBUG SQL.logStatement:144 - 
    select
        user0_.id as id1_7_2_,
        user0_.birthdate as birthdat2_7_2_,
        user0_.email as email3_7_2_,
        user0_.firstname as firstnam4_7_2_,
        user0_.active as active5_7_2_,
        user0_.last_password_update as last_pas6_7_2_,
        user0_.lastname as lastname7_7_2_,
        user0_.pwd as pwd8_7_2_,
        user0_.question_id as questio10_7_2_,
        user0_.response as response9_7_2_,
        user0_.role_id as role_id11_7_2_,
        addresses1_.user_id as user_id8_0_4_,
        addresses1_.id as id1_0_4_,
        addresses1_.id as id1_0_0_,
        addresses1_.city as city2_0_0_,
        addresses1_.country as country3_0_0_,
        addresses1_.number as number4_0_0_,
        addresses1_.postal_code as postal_c5_0_0_,
        addresses1_.street as street6_0_0_,
        addresses1_.type_street as type_str7_0_0_,
        addresses1_.user_id as user_id8_0_0_,
        enterprise2_.id as id1_3_1_,
        enterprise2_.description as descript2_3_1_,
        enterprise2_.name as name3_3_1_,
        enterprise2_.sector as sector4_3_1_,
        enterprise2_.siret as siret5_3_1_,
        enterprise2_.user_id as user_id7_3_1_,
        enterprise2_.website as website6_3_1_ 
    from
        myproject_db.user user0_ 
    left outer join
        myproject_db.address addresses1_ 
            on user0_.id=addresses1_.user_id 
    left outer join
        myproject_db.enterprise enterprise2_ 
            on user0_.id=enterprise2_.user_id 
    where
        user0_.id=?
2026-05-21 15:29:13.296 [grizzly-http-server-11] DEBUG SQL.logStatement:144 - 
    select
        role0_.id as id1_9_0_,
        role0_.name as name2_9_0_ 
    from
        role role0_ 
    where
        role0_.id=?
2026-05-21 15:29:13.326 [grizzly-http-server-11] DEBUG SQL.logStatement:144 - 
    select
        internship0_.id as id1_4_,
        internship0_.application_id as applicat9_4_,
        internship0_.convention_status as conventi2_4_,
        internship0_.dateDebut as datedebu3_4_,
        internship0_.dateFin as datefin4_4_,
        internship0_.estValide as estvalid5_4_,
        internship0_.missions as missions6_4_,
        internship0_.note_finale as note_fin7_4_,
        internship0_.prof_id as prof_id10_4_,
        internship0_.rapport_tuteur as rapport_8_4_ 
    from
        myproject_db.internship internship0_ 
    where
        internship0_.application_id=?
2026-05-21 15:29:13.341 [grizzly-http-server-11] DEBUG SQL.logStatement:144 - 
    insert 
    into
        myproject_db.internship
        (application_id, convention_status, dateDebut, dateFin, estValide, missions, note_finale, prof_id, rapport_tuteur) 
    values
        (?, ?, ?, ?, ?, ?, ?, ?, ?)
2026-05-21 15:29:13.375 [grizzly-http-server-11] DEBUG SQL.logStatement:144 - 
    select
        applicatio0_.id as id1_2_0_,
        applicatio0_.apply_date as apply_da2_2_0_,
        applicatio0_.motivation_letter as motivati3_2_0_,
        applicatio0_.offer_id as offer_id5_2_0_,
        applicatio0_.status as status4_2_0_,
        applicatio0_.student_id as student_6_2_0_ 
    from
        myproject_db.application applicatio0_ 
    where
        applicatio0_.id=?
2026-05-21 15:29:13.382 [grizzly-http-server-11] DEBUG SQL.logStatement:144 - 
    select
        internship0_.id as id1_5_0_,
        internship0_.description as descript2_5_0_,
        internship0_.end_date as end_date3_5_0_,
        internship0_.enterprise_id as enterpri9_5_0_,
        internship0_.remuneration as remunera4_5_0_,
        internship0_.start_date as start_da5_5_0_,
        internship0_.status as status6_5_0_,
        internship0_.title as title7_5_0_,
        internship0_.ville as ville8_5_0_ 
    from
        myproject_db.internship_offer internship0_ 
    where
        internship0_.id=?
2026-05-21 15:29:13.385 [grizzly-http-server-11] DEBUG SQL.logStatement:144 - 
    select
        enterprise0_.id as id1_3_0_,
        enterprise0_.description as descript2_3_0_,
        enterprise0_.name as name3_3_0_,
        enterprise0_.sector as sector4_3_0_,
        enterprise0_.siret as siret5_3_0_,
        enterprise0_.user_id as user_id7_3_0_,
        enterprise0_.website as website6_3_0_ 
    from
        myproject_db.enterprise enterprise0_ 
    where
        enterprise0_.id=?
2026-05-21 15:29:13.385 [grizzly-http-server-11] DEBUG SQL.logStatement:144 - 
    select
        user0_.id as id1_7_2_,
        user0_.birthdate as birthdat2_7_2_,
        user0_.email as email3_7_2_,
        user0_.firstname as firstnam4_7_2_,
        user0_.active as active5_7_2_,
        user0_.last_password_update as last_pas6_7_2_,
        user0_.lastname as lastname7_7_2_,
        user0_.pwd as pwd8_7_2_,
        user0_.question_id as questio10_7_2_,
        user0_.response as response9_7_2_,
        user0_.role_id as role_id11_7_2_,
        addresses1_.user_id as user_id8_0_4_,
        addresses1_.id as id1_0_4_,
        addresses1_.id as id1_0_0_,
        addresses1_.city as city2_0_0_,
        addresses1_.country as country3_0_0_,
        addresses1_.number as number4_0_0_,
        addresses1_.postal_code as postal_c5_0_0_,
        addresses1_.street as street6_0_0_,
        addresses1_.type_street as type_str7_0_0_,
        addresses1_.user_id as user_id8_0_0_,
        enterprise2_.id as id1_3_1_,
        enterprise2_.description as descript2_3_1_,
        enterprise2_.name as name3_3_1_,
        enterprise2_.sector as sector4_3_1_,
        enterprise2_.siret as siret5_3_1_,
        enterprise2_.user_id as user_id7_3_1_,
        enterprise2_.website as website6_3_1_ 
    from
        myproject_db.user user0_ 
    left outer join
        myproject_db.address addresses1_ 
            on user0_.id=addresses1_.user_id 
    left outer join
        myproject_db.enterprise enterprise2_ 
            on user0_.id=enterprise2_.user_id 
    where
        user0_.id=?
2026-05-21 15:29:13.391 [grizzly-http-server-11] DEBUG SQL.logStatement:144 - 
    select
        role0_.id as id1_9_0_,
        role0_.name as name2_9_0_ 
    from
        role role0_ 
    where
        role0_.id=?
2026-05-21 15:29:13.391 [grizzly-http-server-11] DEBUG SQL.logStatement:144 - 
    select
        enterprise0_.id as id1_3_2_,
        enterprise0_.description as descript2_3_2_,
        enterprise0_.name as name3_3_2_,
        enterprise0_.sector as sector4_3_2_,
        enterprise0_.siret as siret5_3_2_,
        enterprise0_.user_id as user_id7_3_2_,
        enterprise0_.website as website6_3_2_,
        user1_.id as id1_7_0_,
        user1_.birthdate as birthdat2_7_0_,
        user1_.email as email3_7_0_,
        user1_.firstname as firstnam4_7_0_,
        user1_.active as active5_7_0_,
        user1_.last_password_update as last_pas6_7_0_,
        user1_.lastname as lastname7_7_0_,
        user1_.pwd as pwd8_7_0_,
        user1_.question_id as questio10_7_0_,
        user1_.response as response9_7_0_,
        user1_.role_id as role_id11_7_0_,
        role2_.id as id1_9_1_,
        role2_.name as name2_9_1_ 
    from
        myproject_db.enterprise enterprise0_ 
    inner join
        myproject_db.user user1_ 
            on enterprise0_.user_id=user1_.id 
    left outer join
        role role2_ 
            on user1_.role_id=role2_.id 
    where
        enterprise0_.user_id=?
2026-05-21 15:29:13.397 [grizzly-http-server-11] DEBUG SQL.logStatement:144 - 
    select
        user0_.id as id1_7_2_,
        user0_.birthdate as birthdat2_7_2_,
        user0_.email as email3_7_2_,
        user0_.firstname as firstnam4_7_2_,
        user0_.active as active5_7_2_,
        user0_.last_password_update as last_pas6_7_2_,
        user0_.lastname as lastname7_7_2_,
        user0_.pwd as pwd8_7_2_,
        user0_.question_id as questio10_7_2_,
        user0_.response as response9_7_2_,
        user0_.role_id as role_id11_7_2_,
        addresses1_.user_id as user_id8_0_4_,
        addresses1_.id as id1_0_4_,
        addresses1_.id as id1_0_0_,
        addresses1_.city as city2_0_0_,
        addresses1_.country as country3_0_0_,
        addresses1_.number as number4_0_0_,
        addresses1_.postal_code as postal_c5_0_0_,
        addresses1_.street as street6_0_0_,
        addresses1_.type_street as type_str7_0_0_,
        addresses1_.user_id as user_id8_0_0_,
        enterprise2_.id as id1_3_1_,
        enterprise2_.description as descript2_3_1_,
        enterprise2_.name as name3_3_1_,
        enterprise2_.sector as sector4_3_1_,
        enterprise2_.siret as siret5_3_1_,
        enterprise2_.user_id as user_id7_3_1_,
        enterprise2_.website as website6_3_1_ 
    from
        myproject_db.user user0_ 
    left outer join
        myproject_db.address addresses1_ 
            on user0_.id=addresses1_.user_id 
    left outer join
        myproject_db.enterprise enterprise2_ 
            on user0_.id=enterprise2_.user_id 
    where
        user0_.id=?
2026-05-21 15:29:13.399 [grizzly-http-server-11] DEBUG SQL.logStatement:144 - 
    select
        role0_.id as id1_9_0_,
        role0_.name as name2_9_0_ 
    from
        role role0_ 
    where
        role0_.id=?
2026-05-21 15:29:13.412 [grizzly-http-server-11] DEBUG SQL.logStatement:144 - 
    update
        myproject_db.application 
    set
        apply_date=?,
        motivation_letter=?,
        offer_id=?,
        status=?,
        student_id=? 
    where
        id=?
2026-05-21 15:29:13.429 [grizzly-http-server-11] DEBUG SQL.logStatement:144 - 
    select
        applicatio0_.id as id1_2_0_,
        applicatio0_.apply_date as apply_da2_2_0_,
        applicatio0_.motivation_letter as motivati3_2_0_,
        applicatio0_.offer_id as offer_id5_2_0_,
        applicatio0_.status as status4_2_0_,
        applicatio0_.student_id as student_6_2_0_,
        internship1_.id as id1_5_1_,
        internship1_.description as descript2_5_1_,
        internship1_.end_date as end_date3_5_1_,
        internship1_.enterprise_id as enterpri9_5_1_,
        internship1_.remuneration as remunera4_5_1_,
        internship1_.start_date as start_da5_5_1_,
        internship1_.status as status6_5_1_,
        internship1_.title as title7_5_1_,
        internship1_.ville as ville8_5_1_,
        enterprise2_.id as id1_3_2_,
        enterprise2_.description as descript2_3_2_,
        enterprise2_.name as name3_3_2_,
        enterprise2_.sector as sector4_3_2_,
        enterprise2_.siret as siret5_3_2_,
        enterprise2_.user_id as user_id7_3_2_,
        enterprise2_.website as website6_3_2_,
        user3_.id as id1_7_3_,
        user3_.birthdate as birthdat2_7_3_,
        user3_.email as email3_7_3_,
        user3_.firstname as firstnam4_7_3_,
        user3_.active as active5_7_3_,
        user3_.last_password_update as last_pas6_7_3_,
        user3_.lastname as lastname7_7_3_,
        user3_.pwd as pwd8_7_3_,
        user3_.question_id as questio10_7_3_,
        user3_.response as response9_7_3_,
        user3_.role_id as role_id11_7_3_,
        role4_.id as id1_9_4_,
        role4_.name as name2_9_4_ 
    from
        myproject_db.application applicatio0_ 
    inner join
        myproject_db.internship_offer internship1_ 
            on applicatio0_.offer_id=internship1_.id 
    inner join
        myproject_db.enterprise enterprise2_ 
            on internship1_.enterprise_id=enterprise2_.id 
    inner join
        myproject_db.user user3_ 
            on applicatio0_.student_id=user3_.id 
    inner join
        role role4_ 
            on user3_.role_id=role4_.id 
    where
        applicatio0_.id=?
2026-05-21 15:29:13.435 [grizzly-http-server-11] DEBUG SQL.logStatement:144 - 
    select
        user0_.id as id1_7_0_,
        user0_.birthdate as birthdat2_7_0_,
        user0_.email as email3_7_0_,
        user0_.firstname as firstnam4_7_0_,
        user0_.active as active5_7_0_,
        user0_.last_password_update as last_pas6_7_0_,
        user0_.lastname as lastname7_7_0_,
        user0_.pwd as pwd8_7_0_,
        user0_.question_id as questio10_7_0_,
        user0_.response as response9_7_0_,
        user0_.role_id as role_id11_7_0_,
        role1_.id as id1_9_1_,
        role1_.name as name2_9_1_ 
    from
        myproject_db.user user0_ 
    inner join
        role role1_ 
            on user0_.role_id=role1_.id 
    where
        user0_.id=?
2026-05-21 15:29:13.439 [grizzly-http-server-11] DEBUG SQL.logStatement:144 - 
    select
        enterprise0_.id as id1_3_2_,
        enterprise0_.description as descript2_3_2_,
        enterprise0_.name as name3_3_2_,
        enterprise0_.sector as sector4_3_2_,
        enterprise0_.siret as siret5_3_2_,
        enterprise0_.user_id as user_id7_3_2_,
        enterprise0_.website as website6_3_2_,
        user1_.id as id1_7_0_,
        user1_.birthdate as birthdat2_7_0_,
        user1_.email as email3_7_0_,
        user1_.firstname as firstnam4_7_0_,
        user1_.active as active5_7_0_,
        user1_.last_password_update as last_pas6_7_0_,
        user1_.lastname as lastname7_7_0_,
        user1_.pwd as pwd8_7_0_,
        user1_.question_id as questio10_7_0_,
        user1_.response as response9_7_0_,
        user1_.role_id as role_id11_7_0_,
        role2_.id as id1_9_1_,
        role2_.name as name2_9_1_ 
    from
        myproject_db.enterprise enterprise0_ 
    inner join
        myproject_db.user user1_ 
            on enterprise0_.user_id=user1_.id 
    left outer join
        role role2_ 
            on user1_.role_id=role2_.id 
    where
        enterprise0_.user_id=?
2026-05-21 15:29:13.439 [grizzly-http-server-11] DEBUG SQL.logStatement:144 - 
    select
        enterprise0_.id as id1_3_2_,
        enterprise0_.description as descript2_3_2_,
        enterprise0_.name as name3_3_2_,
        enterprise0_.sector as sector4_3_2_,
        enterprise0_.siret as siret5_3_2_,
        enterprise0_.user_id as user_id7_3_2_,
        enterprise0_.website as website6_3_2_,
        user1_.id as id1_7_0_,
        user1_.birthdate as birthdat2_7_0_,
        user1_.email as email3_7_0_,
        user1_.firstname as firstnam4_7_0_,
        user1_.active as active5_7_0_,
        user1_.last_password_update as last_pas6_7_0_,
        user1_.lastname as lastname7_7_0_,
        user1_.pwd as pwd8_7_0_,
        user1_.question_id as questio10_7_0_,
        user1_.response as response9_7_0_,
        user1_.role_id as role_id11_7_0_,
        role2_.id as id1_9_1_,
        role2_.name as name2_9_1_ 
    from
        myproject_db.enterprise enterprise0_ 
    inner join
        myproject_db.user user1_ 
            on enterprise0_.user_id=user1_.id 
    left outer join
        role role2_ 
            on user1_.role_id=role2_.id 
    where
        enterprise0_.user_id=?
2026-05-21 15:29:13.462 [grizzly-http-server-12] DEBUG SQL.logStatement:144 - 
    select
        applicatio0_.id as id1_2_0_,
        internship1_.id as id1_5_1_,
        applicatio0_.apply_date as apply_da2_2_0_,
        applicatio0_.motivation_letter as motivati3_2_0_,
        applicatio0_.offer_id as offer_id5_2_0_,
        applicatio0_.status as status4_2_0_,
        applicatio0_.student_id as student_6_2_0_,
        internship1_.description as descript2_5_1_,
        internship1_.end_date as end_date3_5_1_,
        internship1_.enterprise_id as enterpri9_5_1_,
        internship1_.remuneration as remunera4_5_1_,
        internship1_.start_date as start_da5_5_1_,
        internship1_.status as status6_5_1_,
        internship1_.title as title7_5_1_,
        internship1_.ville as ville8_5_1_ 
    from
        myproject_db.application applicatio0_ 
    inner join
        myproject_db.internship_offer internship1_ 
            on applicatio0_.offer_id=internship1_.id 
    where
        applicatio0_.offer_id=?
2026-05-21 15:29:13.467 [grizzly-http-server-12] DEBUG SQL.logStatement:144 - 
    select
        user0_.id as id1_7_0_,
        user0_.birthdate as birthdat2_7_0_,
        user0_.email as email3_7_0_,
        user0_.firstname as firstnam4_7_0_,
        user0_.active as active5_7_0_,
        user0_.last_password_update as last_pas6_7_0_,
        user0_.lastname as lastname7_7_0_,
        user0_.pwd as pwd8_7_0_,
        user0_.question_id as questio10_7_0_,
        user0_.response as response9_7_0_,
        user0_.role_id as role_id11_7_0_,
        role1_.id as id1_9_1_,
        role1_.name as name2_9_1_ 
    from
        myproject_db.user user0_ 
    inner join
        role role1_ 
            on user0_.role_id=role1_.id 
    where
        user0_.id=?
2026-05-21 15:29:13.469 [grizzly-http-server-12] DEBUG SQL.logStatement:144 - 
    select
        enterprise0_.id as id1_3_2_,
        enterprise0_.description as descript2_3_2_,
        enterprise0_.name as name3_3_2_,
        enterprise0_.sector as sector4_3_2_,
        enterprise0_.siret as siret5_3_2_,
        enterprise0_.user_id as user_id7_3_2_,
        enterprise0_.website as website6_3_2_,
        user1_.id as id1_7_0_,
        user1_.birthdate as birthdat2_7_0_,
        user1_.email as email3_7_0_,
        user1_.firstname as firstnam4_7_0_,
        user1_.active as active5_7_0_,
        user1_.last_password_update as last_pas6_7_0_,
        user1_.lastname as lastname7_7_0_,
        user1_.pwd as pwd8_7_0_,
        user1_.question_id as questio10_7_0_,
        user1_.response as response9_7_0_,
        user1_.role_id as role_id11_7_0_,
        role2_.id as id1_9_1_,
        role2_.name as name2_9_1_ 
    from
        myproject_db.enterprise enterprise0_ 
    inner join
        myproject_db.user user1_ 
            on enterprise0_.user_id=user1_.id 
    left outer join
        role role2_ 
            on user1_.role_id=role2_.id 
    where
        enterprise0_.user_id=?
2026-05-21 15:29:13.469 [grizzly-http-server-12] DEBUG SQL.logStatement:144 - 
    select
        enterprise0_.id as id1_3_0_,
        enterprise0_.description as descript2_3_0_,
        enterprise0_.name as name3_3_0_,
        enterprise0_.sector as sector4_3_0_,
        enterprise0_.siret as siret5_3_0_,
        enterprise0_.user_id as user_id7_3_0_,
        enterprise0_.website as website6_3_0_,
        user1_.id as id1_7_1_,
        user1_.birthdate as birthdat2_7_1_,
        user1_.email as email3_7_1_,
        user1_.firstname as firstnam4_7_1_,
        user1_.active as active5_7_1_,
        user1_.last_password_update as last_pas6_7_1_,
        user1_.lastname as lastname7_7_1_,
        user1_.pwd as pwd8_7_1_,
        user1_.question_id as questio10_7_1_,
        user1_.response as response9_7_1_,
        user1_.role_id as role_id11_7_1_,
        role2_.id as id1_9_2_,
        role2_.name as name2_9_2_ 
    from
        myproject_db.enterprise enterprise0_ 
    inner join
        myproject_db.user user1_ 
            on enterprise0_.user_id=user1_.id 
    inner join
        role role2_ 
            on user1_.role_id=role2_.id 
    where
        enterprise0_.id=?
2026-05-21 15:29:13.476 [grizzly-http-server-12] DEBUG SQL.logStatement:144 - 
    select
        user0_.id as id1_7_0_,
        user0_.birthdate as birthdat2_7_0_,
        user0_.email as email3_7_0_,
        user0_.firstname as firstnam4_7_0_,
        user0_.active as active5_7_0_,
        user0_.last_password_update as last_pas6_7_0_,
        user0_.lastname as lastname7_7_0_,
        user0_.pwd as pwd8_7_0_,
        user0_.question_id as questio10_7_0_,
        user0_.response as response9_7_0_,
        user0_.role_id as role_id11_7_0_,
        role1_.id as id1_9_1_,
        role1_.name as name2_9_1_ 
    from
        myproject_db.user user0_ 
    inner join
        role role1_ 
            on user0_.role_id=role1_.id 
    where
        user0_.id=?
2026-05-21 15:29:13.478 [grizzly-http-server-12] DEBUG SQL.logStatement:144 - 
    select
        enterprise0_.id as id1_3_2_,
        enterprise0_.description as descript2_3_2_,
        enterprise0_.name as name3_3_2_,
        enterprise0_.sector as sector4_3_2_,
        enterprise0_.siret as siret5_3_2_,
        enterprise0_.user_id as user_id7_3_2_,
        enterprise0_.website as website6_3_2_,
        user1_.id as id1_7_0_,
        user1_.birthdate as birthdat2_7_0_,
        user1_.email as email3_7_0_,
        user1_.firstname as firstnam4_7_0_,
        user1_.active as active5_7_0_,
        user1_.last_password_update as last_pas6_7_0_,
        user1_.lastname as lastname7_7_0_,
        user1_.pwd as pwd8_7_0_,
        user1_.question_id as questio10_7_0_,
        user1_.response as response9_7_0_,
        user1_.role_id as role_id11_7_0_,
        role2_.id as id1_9_1_,
        role2_.name as name2_9_1_ 
    from
        myproject_db.enterprise enterprise0_ 
    inner join
        myproject_db.user user1_ 
            on enterprise0_.user_id=user1_.id 
    left outer join
        role role2_ 
            on user1_.role_id=role2_.id 
    where
        enterprise0_.user_id=?
2026-05-21 15:29:25.358 [grizzly-http-server-14] DEBUG UserService.getUserByEmail:90 - getUserByEmail email : petit_malin@etudiant.com
2026-05-21 15:29:25.363 [grizzly-http-server-14] DEBUG SQL.logStatement:144 - 
    select
        user0_.id as id1_7_,
        user0_.birthdate as birthdat2_7_,
        user0_.email as email3_7_,
        user0_.firstname as firstnam4_7_,
        user0_.active as active5_7_,
        user0_.last_password_update as last_pas6_7_,
        user0_.lastname as lastname7_7_,
        user0_.pwd as pwd8_7_,
        user0_.question_id as questio10_7_,
        user0_.response as response9_7_,
        user0_.role_id as role_id11_7_ 
    from
        myproject_db.user user0_ 
    where
        user0_.email=?
2026-05-21 15:29:25.368 [grizzly-http-server-14] DEBUG SQL.logStatement:144 - 
    select
        role0_.id as id1_9_0_,
        role0_.name as name2_9_0_ 
    from
        role role0_ 
    where
        role0_.id=?
2026-05-21 15:29:25.370 [grizzly-http-server-14] DEBUG SQL.logStatement:144 - 
    select
        enterprise0_.id as id1_3_2_,
        enterprise0_.description as descript2_3_2_,
        enterprise0_.name as name3_3_2_,
        enterprise0_.sector as sector4_3_2_,
        enterprise0_.siret as siret5_3_2_,
        enterprise0_.user_id as user_id7_3_2_,
        enterprise0_.website as website6_3_2_,
        user1_.id as id1_7_0_,
        user1_.birthdate as birthdat2_7_0_,
        user1_.email as email3_7_0_,
        user1_.firstname as firstnam4_7_0_,
        user1_.active as active5_7_0_,
        user1_.last_password_update as last_pas6_7_0_,
        user1_.lastname as lastname7_7_0_,
        user1_.pwd as pwd8_7_0_,
        user1_.question_id as questio10_7_0_,
        user1_.response as response9_7_0_,
        user1_.role_id as role_id11_7_0_,
        role2_.id as id1_9_1_,
        role2_.name as name2_9_1_ 
    from
        myproject_db.enterprise enterprise0_ 
    inner join
        myproject_db.user user1_ 
            on enterprise0_.user_id=user1_.id 
    left outer join
        role role2_ 
            on user1_.role_id=role2_.id 
    where
        enterprise0_.user_id=?
2026-05-21 15:29:26.535 [grizzly-http-server-15] DEBUG SQL.logStatement:144 - 
    select
        internship0_.id as id1_5_,
        internship0_.description as descript2_5_,
        internship0_.end_date as end_date3_5_,
        internship0_.enterprise_id as enterpri9_5_,
        internship0_.remuneration as remunera4_5_,
        internship0_.start_date as start_da5_5_,
        internship0_.status as status6_5_,
        internship0_.title as title7_5_,
        internship0_.ville as ville8_5_ 
    from
        myproject_db.internship_offer internship0_
2026-05-21 15:29:26.548 [grizzly-http-server-15] DEBUG SQL.logStatement:144 - 
    select
        enterprise0_.id as id1_3_0_,
        enterprise0_.description as descript2_3_0_,
        enterprise0_.name as name3_3_0_,
        enterprise0_.sector as sector4_3_0_,
        enterprise0_.siret as siret5_3_0_,
        enterprise0_.user_id as user_id7_3_0_,
        enterprise0_.website as website6_3_0_,
        user1_.id as id1_7_1_,
        user1_.birthdate as birthdat2_7_1_,
        user1_.email as email3_7_1_,
        user1_.firstname as firstnam4_7_1_,
        user1_.active as active5_7_1_,
        user1_.last_password_update as last_pas6_7_1_,
        user1_.lastname as lastname7_7_1_,
        user1_.pwd as pwd8_7_1_,
        user1_.question_id as questio10_7_1_,
        user1_.response as response9_7_1_,
        user1_.role_id as role_id11_7_1_,
        role2_.id as id1_9_2_,
        role2_.name as name2_9_2_ 
    from
        myproject_db.enterprise enterprise0_ 
    inner join
        myproject_db.user user1_ 
            on enterprise0_.user_id=user1_.id 
    inner join
        role role2_ 
            on user1_.role_id=role2_.id 
    where
        enterprise0_.id=?
2026-05-21 15:29:26.553 [grizzly-http-server-15] DEBUG SQL.logStatement:144 - 
    select
        enterprise0_.id as id1_3_0_,
        enterprise0_.description as descript2_3_0_,
        enterprise0_.name as name3_3_0_,
        enterprise0_.sector as sector4_3_0_,
        enterprise0_.siret as siret5_3_0_,
        enterprise0_.user_id as user_id7_3_0_,
        enterprise0_.website as website6_3_0_,
        user1_.id as id1_7_1_,
        user1_.birthdate as birthdat2_7_1_,
        user1_.email as email3_7_1_,
        user1_.firstname as firstnam4_7_1_,
        user1_.active as active5_7_1_,
        user1_.last_password_update as last_pas6_7_1_,
        user1_.lastname as lastname7_7_1_,
        user1_.pwd as pwd8_7_1_,
        user1_.question_id as questio10_7_1_,
        user1_.response as response9_7_1_,
        user1_.role_id as role_id11_7_1_,
        role2_.id as id1_9_2_,
        role2_.name as name2_9_2_ 
    from
        myproject_db.enterprise enterprise0_ 
    inner join
        myproject_db.user user1_ 
            on enterprise0_.user_id=user1_.id 
    inner join
        role role2_ 
            on user1_.role_id=role2_.id 
    where
        enterprise0_.id=?
2026-05-21 15:29:26.555 [grizzly-http-server-15] DEBUG SQL.logStatement:144 - 
    select
        enterprise0_.id as id1_3_0_,
        enterprise0_.description as descript2_3_0_,
        enterprise0_.name as name3_3_0_,
        enterprise0_.sector as sector4_3_0_,
        enterprise0_.siret as siret5_3_0_,
        enterprise0_.user_id as user_id7_3_0_,
        enterprise0_.website as website6_3_0_,
        user1_.id as id1_7_1_,
        user1_.birthdate as birthdat2_7_1_,
        user1_.email as email3_7_1_,
        user1_.firstname as firstnam4_7_1_,
        user1_.active as active5_7_1_,
        user1_.last_password_update as last_pas6_7_1_,
        user1_.lastname as lastname7_7_1_,
        user1_.pwd as pwd8_7_1_,
        user1_.question_id as questio10_7_1_,
        user1_.response as response9_7_1_,
        user1_.role_id as role_id11_7_1_,
        role2_.id as id1_9_2_,
        role2_.name as name2_9_2_ 
    from
        myproject_db.enterprise enterprise0_ 
    inner join
        myproject_db.user user1_ 
            on enterprise0_.user_id=user1_.id 
    inner join
        role role2_ 
            on user1_.role_id=role2_.id 
    where
        enterprise0_.id=?
2026-05-21 15:29:26.558 [grizzly-http-server-15] DEBUG SQL.logStatement:144 - 
    select
        enterprise0_.id as id1_3_0_,
        enterprise0_.description as descript2_3_0_,
        enterprise0_.name as name3_3_0_,
        enterprise0_.sector as sector4_3_0_,
        enterprise0_.siret as siret5_3_0_,
        enterprise0_.user_id as user_id7_3_0_,
        enterprise0_.website as website6_3_0_,
        user1_.id as id1_7_1_,
        user1_.birthdate as birthdat2_7_1_,
        user1_.email as email3_7_1_,
        user1_.firstname as firstnam4_7_1_,
        user1_.active as active5_7_1_,
        user1_.last_password_update as last_pas6_7_1_,
        user1_.lastname as lastname7_7_1_,
        user1_.pwd as pwd8_7_1_,
        user1_.question_id as questio10_7_1_,
        user1_.response as response9_7_1_,
        user1_.role_id as role_id11_7_1_,
        role2_.id as id1_9_2_,
        role2_.name as name2_9_2_ 
    from
        myproject_db.enterprise enterprise0_ 
    inner join
        myproject_db.user user1_ 
            on enterprise0_.user_id=user1_.id 
    inner join
        role role2_ 
            on user1_.role_id=role2_.id 
    where
        enterprise0_.id=?
2026-05-21 15:29:26.562 [grizzly-http-server-15] DEBUG SQL.logStatement:144 - 
    select
        enterprise0_.id as id1_3_0_,
        enterprise0_.description as descript2_3_0_,
        enterprise0_.name as name3_3_0_,
        enterprise0_.sector as sector4_3_0_,
        enterprise0_.siret as siret5_3_0_,
        enterprise0_.user_id as user_id7_3_0_,
        enterprise0_.website as website6_3_0_,
        user1_.id as id1_7_1_,
        user1_.birthdate as birthdat2_7_1_,
        user1_.email as email3_7_1_,
        user1_.firstname as firstnam4_7_1_,
        user1_.active as active5_7_1_,
        user1_.last_password_update as last_pas6_7_1_,
        user1_.lastname as lastname7_7_1_,
        user1_.pwd as pwd8_7_1_,
        user1_.question_id as questio10_7_1_,
        user1_.response as response9_7_1_,
        user1_.role_id as role_id11_7_1_,
        role2_.id as id1_9_2_,
        role2_.name as name2_9_2_ 
    from
        myproject_db.enterprise enterprise0_ 
    inner join
        myproject_db.user user1_ 
            on enterprise0_.user_id=user1_.id 
    inner join
        role role2_ 
            on user1_.role_id=role2_.id 
    where
        enterprise0_.id=?
2026-05-21 15:29:26.579 [grizzly-http-server-16] DEBUG SQL.logStatement:144 - 
    select
        internship0_.id as id1_5_,
        internship0_.description as descript2_5_,
        internship0_.end_date as end_date3_5_,
        internship0_.enterprise_id as enterpri9_5_,
        internship0_.remuneration as remunera4_5_,
        internship0_.start_date as start_da5_5_,
        internship0_.status as status6_5_,
        internship0_.title as title7_5_,
        internship0_.ville as ville8_5_ 
    from
        myproject_db.internship_offer internship0_
2026-05-21 15:29:26.587 [grizzly-http-server-16] DEBUG SQL.logStatement:144 - 
    select
        enterprise0_.id as id1_3_0_,
        enterprise0_.description as descript2_3_0_,
        enterprise0_.name as name3_3_0_,
        enterprise0_.sector as sector4_3_0_,
        enterprise0_.siret as siret5_3_0_,
        enterprise0_.user_id as user_id7_3_0_,
        enterprise0_.website as website6_3_0_,
        user1_.id as id1_7_1_,
        user1_.birthdate as birthdat2_7_1_,
        user1_.email as email3_7_1_,
        user1_.firstname as firstnam4_7_1_,
        user1_.active as active5_7_1_,
        user1_.last_password_update as last_pas6_7_1_,
        user1_.lastname as lastname7_7_1_,
        user1_.pwd as pwd8_7_1_,
        user1_.question_id as questio10_7_1_,
        user1_.response as response9_7_1_,
        user1_.role_id as role_id11_7_1_,
        role2_.id as id1_9_2_,
        role2_.name as name2_9_2_ 
    from
        myproject_db.enterprise enterprise0_ 
    inner join
        myproject_db.user user1_ 
            on enterprise0_.user_id=user1_.id 
    inner join
        role role2_ 
            on user1_.role_id=role2_.id 
    where
        enterprise0_.id=?
2026-05-21 15:29:26.590 [grizzly-http-server-16] DEBUG SQL.logStatement:144 - 
    select
        enterprise0_.id as id1_3_0_,
        enterprise0_.description as descript2_3_0_,
        enterprise0_.name as name3_3_0_,
        enterprise0_.sector as sector4_3_0_,
        enterprise0_.siret as siret5_3_0_,
        enterprise0_.user_id as user_id7_3_0_,
        enterprise0_.website as website6_3_0_,
        user1_.id as id1_7_1_,
        user1_.birthdate as birthdat2_7_1_,
        user1_.email as email3_7_1_,
        user1_.firstname as firstnam4_7_1_,
        user1_.active as active5_7_1_,
        user1_.last_password_update as last_pas6_7_1_,
        user1_.lastname as lastname7_7_1_,
        user1_.pwd as pwd8_7_1_,
        user1_.question_id as questio10_7_1_,
        user1_.response as response9_7_1_,
        user1_.role_id as role_id11_7_1_,
        role2_.id as id1_9_2_,
        role2_.name as name2_9_2_ 
    from
        myproject_db.enterprise enterprise0_ 
    inner join
        myproject_db.user user1_ 
            on enterprise0_.user_id=user1_.id 
    inner join
        role role2_ 
            on user1_.role_id=role2_.id 
    where
        enterprise0_.id=?
2026-05-21 15:29:26.595 [grizzly-http-server-16] DEBUG SQL.logStatement:144 - 
    select
        enterprise0_.id as id1_3_0_,
        enterprise0_.description as descript2_3_0_,
        enterprise0_.name as name3_3_0_,
        enterprise0_.sector as sector4_3_0_,
        enterprise0_.siret as siret5_3_0_,
        enterprise0_.user_id as user_id7_3_0_,
        enterprise0_.website as website6_3_0_,
        user1_.id as id1_7_1_,
        user1_.birthdate as birthdat2_7_1_,
        user1_.email as email3_7_1_,
        user1_.firstname as firstnam4_7_1_,
        user1_.active as active5_7_1_,
        user1_.last_password_update as last_pas6_7_1_,
        user1_.lastname as lastname7_7_1_,
        user1_.pwd as pwd8_7_1_,
        user1_.question_id as questio10_7_1_,
        user1_.response as response9_7_1_,
        user1_.role_id as role_id11_7_1_,
        role2_.id as id1_9_2_,
        role2_.name as name2_9_2_ 
    from
        myproject_db.enterprise enterprise0_ 
    inner join
        myproject_db.user user1_ 
            on enterprise0_.user_id=user1_.id 
    inner join
        role role2_ 
            on user1_.role_id=role2_.id 
    where
        enterprise0_.id=?
2026-05-21 15:29:26.598 [grizzly-http-server-16] DEBUG SQL.logStatement:144 - 
    select
        enterprise0_.id as id1_3_0_,
        enterprise0_.description as descript2_3_0_,
        enterprise0_.name as name3_3_0_,
        enterprise0_.sector as sector4_3_0_,
        enterprise0_.siret as siret5_3_0_,
        enterprise0_.user_id as user_id7_3_0_,
        enterprise0_.website as website6_3_0_,
        user1_.id as id1_7_1_,
        user1_.birthdate as birthdat2_7_1_,
        user1_.email as email3_7_1_,
        user1_.firstname as firstnam4_7_1_,
        user1_.active as active5_7_1_,
        user1_.last_password_update as last_pas6_7_1_,
        user1_.lastname as lastname7_7_1_,
        user1_.pwd as pwd8_7_1_,
        user1_.question_id as questio10_7_1_,
        user1_.response as response9_7_1_,
        user1_.role_id as role_id11_7_1_,
        role2_.id as id1_9_2_,
        role2_.name as name2_9_2_ 
    from
        myproject_db.enterprise enterprise0_ 
    inner join
        myproject_db.user user1_ 
            on enterprise0_.user_id=user1_.id 
    inner join
        role role2_ 
            on user1_.role_id=role2_.id 
    where
        enterprise0_.id=?
2026-05-21 15:29:26.601 [grizzly-http-server-16] DEBUG SQL.logStatement:144 - 
    select
        enterprise0_.id as id1_3_0_,
        enterprise0_.description as descript2_3_0_,
        enterprise0_.name as name3_3_0_,
        enterprise0_.sector as sector4_3_0_,
        enterprise0_.siret as siret5_3_0_,
        enterprise0_.user_id as user_id7_3_0_,
        enterprise0_.website as website6_3_0_,
        user1_.id as id1_7_1_,
        user1_.birthdate as birthdat2_7_1_,
        user1_.email as email3_7_1_,
        user1_.firstname as firstnam4_7_1_,
        user1_.active as active5_7_1_,
        user1_.last_password_update as last_pas6_7_1_,
        user1_.lastname as lastname7_7_1_,
        user1_.pwd as pwd8_7_1_,
        user1_.question_id as questio10_7_1_,
        user1_.response as response9_7_1_,
        user1_.role_id as role_id11_7_1_,
        role2_.id as id1_9_2_,
        role2_.name as name2_9_2_ 
    from
        myproject_db.enterprise enterprise0_ 
    inner join
        myproject_db.user user1_ 
            on enterprise0_.user_id=user1_.id 
    inner join
        role role2_ 
            on user1_.role_id=role2_.id 
    where
        enterprise0_.id=?
2026-05-21 15:29:31.653 [grizzly-http-server-17] DEBUG SQL.logStatement:144 - 
    select
        applicatio0_.id as id1_2_,
        applicatio0_.apply_date as apply_da2_2_,
        applicatio0_.motivation_letter as motivati3_2_,
        applicatio0_.offer_id as offer_id5_2_,
        applicatio0_.status as status4_2_,
        applicatio0_.student_id as student_6_2_ 
    from
        myproject_db.application applicatio0_ 
    where
        applicatio0_.student_id=?
2026-05-21 15:29:31.662 [grizzly-http-server-17] DEBUG SQL.logStatement:144 - 
    select
        internship0_.id as id1_5_0_,
        internship0_.description as descript2_5_0_,
        internship0_.end_date as end_date3_5_0_,
        internship0_.enterprise_id as enterpri9_5_0_,
        internship0_.remuneration as remunera4_5_0_,
        internship0_.start_date as start_da5_5_0_,
        internship0_.status as status6_5_0_,
        internship0_.title as title7_5_0_,
        internship0_.ville as ville8_5_0_,
        enterprise1_.id as id1_3_1_,
        enterprise1_.description as descript2_3_1_,
        enterprise1_.name as name3_3_1_,
        enterprise1_.sector as sector4_3_1_,
        enterprise1_.siret as siret5_3_1_,
        enterprise1_.user_id as user_id7_3_1_,
        enterprise1_.website as website6_3_1_,
        user2_.id as id1_7_2_,
        user2_.birthdate as birthdat2_7_2_,
        user2_.email as email3_7_2_,
        user2_.firstname as firstnam4_7_2_,
        user2_.active as active5_7_2_,
        user2_.last_password_update as last_pas6_7_2_,
        user2_.lastname as lastname7_7_2_,
        user2_.pwd as pwd8_7_2_,
        user2_.question_id as questio10_7_2_,
        user2_.response as response9_7_2_,
        user2_.role_id as role_id11_7_2_ 
    from
        myproject_db.internship_offer internship0_ 
    inner join
        myproject_db.enterprise enterprise1_ 
            on internship0_.enterprise_id=enterprise1_.id 
    inner join
        myproject_db.user user2_ 
            on enterprise1_.user_id=user2_.id 
    where
        internship0_.id=?
2026-05-21 15:29:31.666 [grizzly-http-server-17] DEBUG SQL.logStatement:144 - 
    select
        role0_.id as id1_9_0_,
        role0_.name as name2_9_0_ 
    from
        role role0_ 
    where
        role0_.id=?
2026-05-21 15:29:31.666 [grizzly-http-server-17] DEBUG SQL.logStatement:144 - 
    select
        user0_.id as id1_7_0_,
        user0_.birthdate as birthdat2_7_0_,
        user0_.email as email3_7_0_,
        user0_.firstname as firstnam4_7_0_,
        user0_.active as active5_7_0_,
        user0_.last_password_update as last_pas6_7_0_,
        user0_.lastname as lastname7_7_0_,
        user0_.pwd as pwd8_7_0_,
        user0_.question_id as questio10_7_0_,
        user0_.response as response9_7_0_,
        user0_.role_id as role_id11_7_0_,
        role1_.id as id1_9_1_,
        role1_.name as name2_9_1_ 
    from
        myproject_db.user user0_ 
    inner join
        role role1_ 
            on user0_.role_id=role1_.id 
    where
        user0_.id=?
2026-05-21 15:29:31.672 [grizzly-http-server-17] DEBUG SQL.logStatement:144 - 
    select
        enterprise0_.id as id1_3_2_,
        enterprise0_.description as descript2_3_2_,
        enterprise0_.name as name3_3_2_,
        enterprise0_.sector as sector4_3_2_,
        enterprise0_.siret as siret5_3_2_,
        enterprise0_.user_id as user_id7_3_2_,
        enterprise0_.website as website6_3_2_,
        user1_.id as id1_7_0_,
        user1_.birthdate as birthdat2_7_0_,
        user1_.email as email3_7_0_,
        user1_.firstname as firstnam4_7_0_,
        user1_.active as active5_7_0_,
        user1_.last_password_update as last_pas6_7_0_,
        user1_.lastname as lastname7_7_0_,
        user1_.pwd as pwd8_7_0_,
        user1_.question_id as questio10_7_0_,
        user1_.response as response9_7_0_,
        user1_.role_id as role_id11_7_0_,
        role2_.id as id1_9_1_,
        role2_.name as name2_9_1_ 
    from
        myproject_db.enterprise enterprise0_ 
    inner join
        myproject_db.user user1_ 
            on enterprise0_.user_id=user1_.id 
    left outer join
        role role2_ 
            on user1_.role_id=role2_.id 
    where
        enterprise0_.user_id=?
2026-05-21 15:29:31.683 [grizzly-http-server-18] DEBUG SQL.logStatement:144 - 
    select
        applicatio0_.id as id1_2_,
        applicatio0_.apply_date as apply_da2_2_,
        applicatio0_.motivation_letter as motivati3_2_,
        applicatio0_.offer_id as offer_id5_2_,
        applicatio0_.status as status4_2_,
        applicatio0_.student_id as student_6_2_ 
    from
        myproject_db.application applicatio0_ 
    where
        applicatio0_.student_id=?
2026-05-21 15:29:31.688 [grizzly-http-server-18] DEBUG SQL.logStatement:144 - 
    select
        internship0_.id as id1_5_0_,
        internship0_.description as descript2_5_0_,
        internship0_.end_date as end_date3_5_0_,
        internship0_.enterprise_id as enterpri9_5_0_,
        internship0_.remuneration as remunera4_5_0_,
        internship0_.start_date as start_da5_5_0_,
        internship0_.status as status6_5_0_,
        internship0_.title as title7_5_0_,
        internship0_.ville as ville8_5_0_,
        enterprise1_.id as id1_3_1_,
        enterprise1_.description as descript2_3_1_,
        enterprise1_.name as name3_3_1_,
        enterprise1_.sector as sector4_3_1_,
        enterprise1_.siret as siret5_3_1_,
        enterprise1_.user_id as user_id7_3_1_,
        enterprise1_.website as website6_3_1_,
        user2_.id as id1_7_2_,
        user2_.birthdate as birthdat2_7_2_,
        user2_.email as email3_7_2_,
        user2_.firstname as firstnam4_7_2_,
        user2_.active as active5_7_2_,
        user2_.last_password_update as last_pas6_7_2_,
        user2_.lastname as lastname7_7_2_,
        user2_.pwd as pwd8_7_2_,
        user2_.question_id as questio10_7_2_,
        user2_.response as response9_7_2_,
        user2_.role_id as role_id11_7_2_ 
    from
        myproject_db.internship_offer internship0_ 
    inner join
        myproject_db.enterprise enterprise1_ 
            on internship0_.enterprise_id=enterprise1_.id 
    inner join
        myproject_db.user user2_ 
            on enterprise1_.user_id=user2_.id 
    where
        internship0_.id=?
2026-05-21 15:29:31.693 [grizzly-http-server-18] DEBUG SQL.logStatement:144 - 
    select
        role0_.id as id1_9_0_,
        role0_.name as name2_9_0_ 
    from
        role role0_ 
    where
        role0_.id=?
2026-05-21 15:29:31.696 [grizzly-http-server-18] DEBUG SQL.logStatement:144 - 
    select
        user0_.id as id1_7_0_,
        user0_.birthdate as birthdat2_7_0_,
        user0_.email as email3_7_0_,
        user0_.firstname as firstnam4_7_0_,
        user0_.active as active5_7_0_,
        user0_.last_password_update as last_pas6_7_0_,
        user0_.lastname as lastname7_7_0_,
        user0_.pwd as pwd8_7_0_,
        user0_.question_id as questio10_7_0_,
        user0_.response as response9_7_0_,
        user0_.role_id as role_id11_7_0_,
        role1_.id as id1_9_1_,
        role1_.name as name2_9_1_ 
    from
        myproject_db.user user0_ 
    inner join
        role role1_ 
            on user0_.role_id=role1_.id 
    where
        user0_.id=?
2026-05-21 15:29:31.698 [grizzly-http-server-18] DEBUG SQL.logStatement:144 - 
    select
        enterprise0_.id as id1_3_2_,
        enterprise0_.description as descript2_3_2_,
        enterprise0_.name as name3_3_2_,
        enterprise0_.sector as sector4_3_2_,
        enterprise0_.siret as siret5_3_2_,
        enterprise0_.user_id as user_id7_3_2_,
        enterprise0_.website as website6_3_2_,
        user1_.id as id1_7_0_,
        user1_.birthdate as birthdat2_7_0_,
        user1_.email as email3_7_0_,
        user1_.firstname as firstnam4_7_0_,
        user1_.active as active5_7_0_,
        user1_.last_password_update as last_pas6_7_0_,
        user1_.lastname as lastname7_7_0_,
        user1_.pwd as pwd8_7_0_,
        user1_.question_id as questio10_7_0_,
        user1_.response as response9_7_0_,
        user1_.role_id as role_id11_7_0_,
        role2_.id as id1_9_1_,
        role2_.name as name2_9_1_ 
    from
        myproject_db.enterprise enterprise0_ 
    inner join
        myproject_db.user user1_ 
            on enterprise0_.user_id=user1_.id 
    left outer join
        role role2_ 
            on user1_.role_id=role2_.id 
    where
        enterprise0_.user_id=?
